{"type":"FeatureCollection","_comment":"REAL pilot-region boundary — Landkreis Uckermark, Brandenburg. Extracted from BKG Verwaltungsgebiete 1:25 000 (VG25), layer vg25_krs, AGS 12073, Produktstand 31.12.2025. Source archive pinned and checksummed in ingest/sources.manifest.json (bkg-vg25); see docs/data/sources.md. Licence CC BY 4.0 — attribution is mandatory wherever this reaches a screen or an export: '© BKG (Jahr des letzten Datenbezugs) CC BY 4.0, Datenquellen: https://sgx.geodatenzentrum.de/web_public/gdz/datenquellen/datenquellen_vg25.pdf'. Coordinates are EPSG:25832 (ETRS89 / UTM 32N) — already the storage CRS of ADR-0002, so 02_reproject.sh is a no-op for this file. Rounded to 0.01 m; VG25 is a 1:25 000 product, so further digits would be false precision. Regenerate with ingest/02b_extract_pilot_boundary.sh.","crs":{"type":"name","properties":{"name":"urn:ogc:def:crs:EPSG::25832"}},"features":[{"type":"Feature","properties":{"pilot_region":"uckermark","name":"Uckermark","bez":"Landkreis","ags":"12073","ars":"12073","nuts":"DE40I","source":"BKG VG25","source_stand":"2025-12-31","licence":"CC BY 4.0","attribution":"© BKG <Jahr> CC BY 4.0","attribution_url":"https://creativecommons.org/licenses/by/4.0","retrieved":"2026-09-19"},"geometry":{"type":"Polygon","coordinates":[[[822653.3,5889477.83],[822671.29,5889453.62],[822683.02,5889437.99],[822698.45,5889410.98],[822705.58,5889397.22],[822724.22,5889369.21],[822764.95,5889307.5],[822794.32,5889262.45],[822812.87,5889234.7],[822834.61,5889196.6],[822857.65,5889156.43],[822870.33,5889140.9],[822889.06,5889117.91],[822891.21,5889113.9],[822893.69,5889107.8],[822910.45,5889071.53],[822916.54,5889050.05],[822921.55,5889032.38],[822925.87,5888997.06],[822929.69,5888963.09],[822931.71,5888913.28],[822933.31,5888846.72],[822933.3,5888835.95],[822933.54,5888811.29],[822933.6,5888791.03],[822933.58,5888786.05],[822933.62,5888777.48],[822933.76,5888765.89],[822933.91,5888758.84],[822934.4,5888756.87],[822936.72,5888747.45],[822936.09,5888745.09],[822923.66,5888697.69],[822871.81,5888598.12],[822856.57,5888566.85],[822824.76,5888526.41],[822786.2,5888477.84],[822709.3,5888380.91],[822646.51,5888301.7],[822566.15,5888200.42],[822521.84,5888201.31],[822517.54,5888201.41],[822458.88,5888203.34],[822411.35,5888205.98],[822377.75,5888221.32],[822372.11,5888223.9],[822353.73,5888232.31],[822340.4,5888238.41],[822330.33,5888244.36],[822306.45,5888258.55],[822256.45,5888297.78],[822212.6,5888325.36],[822166.27,5888342.14],[822097.6,5888375.5],[822079.06,5888385.05],[822014.23,5888418.66],[821980.91,5888434.17],[821928.92,5888435.01],[821886.72,5888430.68],[821839.31,5888437.75],[821813.23,5888434.24],[821760.41,5888419.29],[821710.67,5888400.64],[821700.38,5888396.83],[821673.34,5888379.94],[821597.36,5888367.37],[821587.23,5888367.96],[821578.76,5888368.66],[821539.04,5888379.77],[821492.21,5888412.98],[821466.12,5888435.4],[821449.36,5888449.66],[821380.28,5888470.63],[821301.47,5888466.26],[821275.22,5888461.68],[821225.78,5888452.21],[821190.33,5888451.76],[821081.92,5888483.74],[821021.81,5888423.13],[820997.34,5888409.1],[820991.82,5888403.65],[820974.92,5888385.56],[820970.13,5888371.26],[820959.98,5888362.53],[820934.98,5888340.45],[820914.88,5888317.76],[820910.19,5888284.98],[820907.08,5888264.38],[820901.33,5888251.27],[820892.63,5888231.47],[820875.68,5888211.94],[820853.09,5888185.66],[820814.1,5888161.64],[820747.56,5888143.86],[820714.74,5888139.87],[820667.49,5888141.19],[820656.9,5888141.98],[820628.72,5888144.73],[820618.56,5888143.68],[820617.78,5888143.71],[820615.09,5888143.88],[820612.18,5888144.41],[820597.11,5888147.41],[820575.87,5888150.57],[820560.68,5888152.86],[820555.36,5888153.48],[820501.77,5888160.23],[820439.46,5888144.69],[820412.98,5888133.14],[820403.73,5888129.12],[820362.25,5888111.14],[820327.45,5888089.75],[820318.43,5888084.22],[820270.1,5888053.93],[820237.98,5888033.76],[820225.47,5888025.16],[820168.77,5887999.53],[820090.61,5887989.0],[820037.14,5887988.12],[819981.09,5887995.67],[819976.21,5887995.21],[819923.83,5887990.25],[819891.3,5887986.48],[819889.29,5887985.77],[819820.96,5887969.54],[819798.41,5887954.84],[819787.86,5887948.45],[819747.01,5887934.01],[819718.64,5887923.65],[819688.42,5887913.14],[819623.26,5887889.83],[819616.59,5887879.69],[819607.07,5887864.94],[819585.0,5887837.16],[819575.86,5887825.8],[819562.97,5887809.33],[819553.83,5887797.91],[819548.81,5887794.72],[819528.55,5887800.19],[819468.92,5887774.43],[819447.64,5887765.35],[819338.33,5887717.98],[819332.83,5887726.02],[819328.03,5887732.9],[819285.44,5887810.9],[819277.98,5887824.57],[819271.97,5887821.26],[819233.37,5887799.37],[819226.89,5887795.71],[819181.53,5887751.81],[819142.03,5887703.23],[819106.31,5887683.27],[819094.63,5887676.55],[819042.69,5887642.68],[819020.55,5887635.64],[818971.0,5887619.98],[818945.78,5887614.37],[818904.99,5887605.28],[818854.16,5887591.45],[818806.73,5887577.98],[818761.94,5887565.33],[818690.05,5887534.89],[818659.95,5887512.94],[818645.01,5887501.8],[818637.13,5887495.96],[818615.4,5887482.06],[818595.19,5887469.23],[818549.92,5887440.17],[818534.28,5887402.36],[818523.82,5887377.4],[818512.92,5887351.63],[818491.81,5887328.97],[818465.17,5887300.58],[818450.53,5887289.0],[818438.98,5887280.09],[818426.22,5887270.3],[818408.94,5887256.68],[818391.58,5887258.8],[818311.65,5887268.54],[818255.7,5887290.26],[818198.05,5887313.12],[818181.36,5887319.43],[818146.82,5887331.55],[818114.92,5887342.03],[818114.98,5887349.51],[818114.06,5887355.24],[818110.63,5887361.79],[818106.14,5887366.18],[818101.11,5887371.65],[818097.69,5887375.35],[818088.58,5887379.3],[818084.34,5887383.33],[818076.09,5887394.2],[818069.97,5887400.62],[818066.45,5887403.95],[818063.35,5887409.16],[818059.35,5887415.04],[818054.19,5887425.21],[818048.66,5887447.39],[818046.74,5887455.93],[818045.98,5887465.04],[818044.56,5887468.29],[818039.32,5887471.26],[818029.41,5887474.33],[818021.27,5887476.28],[818015.34,5887477.62],[818007.99,5887478.89],[817999.44,5887480.4],[817991.89,5887481.74],[817978.26,5887485.11],[817958.72,5887489.05],[817935.63,5887509.44],[817921.4,5887517.5],[817895.31,5887525.2],[817885.38,5887529.55],[817873.72,5887537.34],[817860.33,5887547.7],[817849.32,5887556.27],[817842.63,5887562.73],[817842.21,5887563.0],[817832.79,5887569.16],[817812.86,5887577.68],[817808.95,5887579.35],[817807.99,5887579.92],[817795.77,5887587.1],[817768.95,5887586.6],[817754.74,5887583.35],[817735.02,5887578.49],[817728.62,5887577.96],[817722.76,5887577.22],[817701.87,5887576.54],[817701.52,5887576.53],[817700.89,5887576.37],[817663.85,5887566.78],[817597.52,5887576.3],[817591.46,5887575.36],[817581.85,5887573.7],[817579.56,5887573.99],[817574.49,5887574.83],[817562.69,5887576.02],[817560.33,5887576.38],[817559.29,5887576.96],[817542.9,5887586.06],[817522.9,5887597.45],[817487.95,5887628.97],[817464.24,5887646.43],[817461.09,5887651.49],[817459.3,5887654.48],[817454.93,5887656.67],[817446.04,5887661.2],[817401.08,5887672.32],[817390.5,5887674.19],[817385.41,5887678.33],[817383.53,5887679.92],[817378.23,5887682.75],[817371.65,5887686.18],[817368.12,5887687.34],[817367.33,5887687.93],[817350.68,5887699.57],[817347.43,5887699.96],[817339.21,5887700.93],[817334.07,5887703.45],[817330.79,5887705.07],[817316.34,5887704.52],[817300.15,5887693.59],[817288.16,5887686.94],[817285.3,5887685.38],[817270.35,5887663.95],[817264.34,5887647.02],[817259.9,5887623.94],[817256.97,5887608.21],[817254.88,5887590.89],[817247.92,5887575.24],[817247.85,5887554.24],[817245.58,5887542.12],[817244.95,5887526.14],[817240.95,5887514.29],[817239.7,5887510.13],[817237.68,5887502.83],[817237.84,5887497.1],[817235.27,5887485.47],[817239.2,5887451.99],[817231.72,5887438.47],[817229.75,5887423.16],[817227.87,5887397.49],[817227.07,5887343.62],[817224.61,5887318.51],[817221.63,5887295.11],[817207.17,5887264.17],[817198.74,5887237.27],[817170.66,5887220.08],[817165.25,5887218.6],[817151.53,5887220.11],[817140.44,5887220.45],[817101.57,5887224.88],[817094.19,5887227.82],[817069.86,5887237.92],[817049.94,5887242.09],[817024.5,5887265.79],[817019.99,5887269.97],[817007.98,5887286.1],[816994.05,5887293.04],[816969.41,5887286.75],[816956.12,5887283.24],[816946.71,5887271.82],[816938.85,5887263.27],[816919.34,5887247.61],[816902.55,5887226.96],[816893.28,5887217.82],[816886.32,5887216.15],[816877.94,5887209.34],[816865.19,5887203.61],[816851.2,5887190.44],[816841.58,5887186.3],[816835.54,5887176.79],[816822.51,5887164.85],[816798.3,5887153.14],[816785.14,5887148.37],[816759.8,5887149.38],[816747.72,5887147.62],[816740.88,5887148.83],[816727.07,5887151.28],[816704.05,5887163.66],[816694.26,5887168.93],[816692.64,5887170.8],[816686.67,5887177.75],[816676.57,5887181.31],[816665.17,5887182.66],[816662.38,5887182.63],[816656.3,5887182.59],[816644.46,5887186.45],[816632.8,5887182.87],[816621.09,5887175.37],[816617.81,5887175.31],[816603.03,5887182.79],[816587.04,5887195.06],[816581.99,5887195.43],[816577.39,5887196.47],[816574.2,5887196.17],[816555.69,5887194.21],[816530.24,5887182.95],[816511.28,5887175.5],[816473.55,5887152.79],[816462.86,5887145.68],[816459.69,5887142.63],[816455.12,5887138.15],[816452.75,5887141.71],[816450.72,5887144.79],[816440.34,5887146.42],[816438.37,5887146.16],[816433.08,5887145.44],[816424.84,5887138.51],[816422.95,5887136.93],[816410.98,5887132.19],[816391.25,5887123.12],[816383.06,5887119.35],[816369.62,5887111.9],[816356.0,5887104.13],[816343.78,5887099.29],[816322.82,5887093.77],[816314.4,5887087.65],[816296.59,5887083.2],[816285.63,5887080.77],[816270.81,5887087.34],[816260.49,5887089.58],[816257.08,5887090.33],[816250.5,5887094.64],[816230.65,5887103.02],[816221.33,5887106.99],[816207.6,5887110.66],[816204.57,5887114.68],[816202.22,5887117.78],[816194.85,5887115.41],[816186.91,5887112.99],[816178.21,5887110.27],[816161.41,5887098.57],[816153.43,5887085.38],[816144.33,5887076.88],[816142.04,5887069.99],[816133.33,5887063.52],[816131.42,5887060.57],[816122.36,5887049.76],[816113.01,5887038.69],[816108.21,5887033.18],[816103.47,5887027.84],[816099.27,5887022.78],[816088.29,5887010.14],[816082.56,5887003.35],[816084.35,5886990.91],[816080.92,5886983.51],[816076.05,5886973.33],[816073.01,5886966.83],[816072.17,5886965.0],[816069.02,5886956.84],[816066.03,5886952.61],[816063.51,5886948.41],[816059.37,5886946.46],[816059.08,5886940.46],[816058.7,5886931.66],[816055.86,5886926.47],[816048.88,5886921.34],[816044.99,5886918.3],[816040.41,5886913.93],[816033.88,5886910.03],[816028.49,5886903.92],[816018.12,5886895.47],[816015.42,5886894.29],[816012.2,5886894.74],[816004.78,5886895.63],[815997.28,5886893.89],[815985.77,5886891.32],[815979.15,5886885.63],[815976.62,5886883.46],[815971.08,5886881.96],[815965.81,5886882.09],[815957.18,5886882.31],[815953.1,5886878.61],[815945.55,5886873.68],[815939.14,5886864.44],[815934.87,5886858.17],[815915.68,5886848.61],[815909.67,5886847.56],[815906.02,5886843.88],[815903.22,5886841.09],[815899.71,5886837.37],[815895.97,5886833.39],[815888.11,5886824.44],[815886.43,5886812.17],[815888.47,5886799.27],[815889.19,5886788.8],[815890.0,5886776.27],[815892.56,5886771.38],[815895.21,5886765.54],[815898.51,5886762.31],[815908.46,5886756.77],[815910.92,5886748.36],[815912.43,5886734.21],[815913.46,5886728.64],[815915.67,5886716.46],[815917.66,5886705.15],[815916.56,5886701.72],[815914.91,5886698.93],[815912.64,5886696.51],[815909.2,5886684.34],[815912.01,5886676.52],[815915.96,5886665.53],[815917.67,5886660.33],[815917.1,5886656.77],[815912.88,5886652.83],[815910.65,5886650.89],[815909.14,5886647.09],[815907.03,5886641.73],[815890.62,5886640.68],[815878.8,5886639.92],[815875.71,5886639.66],[815872.29,5886635.95],[815872.13,5886635.78],[815869.93,5886633.04],[815866.44,5886627.61],[815861.51,5886613.11],[815861.04,5886609.25],[815862.0,5886594.02],[815861.65,5886581.07],[815858.37,5886575.45],[815850.96,5886568.77],[815838.85,5886558.45],[815835.7,5886555.76],[815832.52,5886553.24],[815817.92,5886541.52],[815796.91,5886545.73],[815763.41,5886552.41],[815737.16,5886566.0],[815719.39,5886575.27],[815709.19,5886590.36],[815699.23,5886605.48],[815689.21,5886620.42],[815679.2,5886625.64],[815670.19,5886630.31],[815639.19,5886646.29],[815603.01,5886665.02],[815560.83,5886686.84],[815533.83,5886700.61],[815517.53,5886709.6],[815492.27,5886723.67],[815463.23,5886739.97],[815438.46,5886753.84],[815406.74,5886780.21],[815401.6,5886784.4],[815378.51,5886794.51],[815372.51,5886800.38],[815355.05,5886802.27],[815338.84,5886804.42],[815297.93,5886797.71],[815280.16,5886794.79],[815267.73,5886792.71],[815254.93,5886791.12],[815243.6,5886789.48],[815231.74,5886790.16],[815223.33,5886791.61],[815212.06,5886793.78],[815199.07,5886796.51],[815180.04,5886800.26],[815158.75,5886804.69],[815151.12,5886804.45],[815145.43,5886804.1],[815127.11,5886803.55],[815092.22,5886802.22],[815075.2,5886801.59],[815051.25,5886820.7],[815047.55,5886829.89],[815025.94,5886829.91],[815011.1,5886834.72],[814983.59,5886843.26],[814954.43,5886844.8],[814949.1,5886846.59],[814904.19,5886859.16],[814898.21,5886861.05],[814868.86,5886870.55],[814853.52,5886875.64],[814845.69,5886878.66],[814838.48,5886882.92],[814821.33,5886892.48],[814778.25,5886916.46],[814764.0,5886928.5],[814734.87,5886956.28],[814719.14,5886967.95],[814695.24,5886987.64],[814687.28,5886995.98],[814667.04,5887017.73],[814660.08,5887028.59],[814655.03,5887036.58],[814647.13,5887038.75],[814635.41,5887042.11],[814625.5,5887047.09],[814601.02,5887054.69],[814585.45,5887060.56],[814546.37,5887074.98],[814536.83,5887080.24],[814532.77,5887082.14],[814508.86,5887093.29],[814491.62,5887098.3],[814476.65,5887105.65],[814445.94,5887117.11],[814414.76,5887130.44],[814404.19,5887133.78],[814395.5,5887138.55],[814388.89,5887142.23],[814368.15,5887153.72],[814357.41,5887161.04],[814314.33,5887177.36],[814286.5,5887187.78],[814264.69,5887201.58],[814238.34,5887212.52],[814222.1,5887210.2],[814196.84,5887214.78],[814177.33,5887218.25],[814151.64,5887225.98],[814103.09,5887241.04],[814071.68,5887240.96],[814047.61,5887236.07],[814039.01,5887235.83],[813992.64,5887238.23],[813969.59,5887246.83],[813949.38,5887253.98],[813931.67,5887255.14],[813912.33,5887254.46],[813883.63,5887253.49],[813859.7,5887252.68],[813823.46,5887261.59],[813810.06,5887256.81],[813807.97,5887256.07],[813805.98,5887245.69],[813800.85,5887216.55],[813798.48,5887202.96],[813788.66,5887157.4],[813785.53,5887143.42],[813785.18,5887136.21],[813785.46,5887130.02],[813787.14,5887052.39],[813787.35,5887042.86],[813785.14,5886930.55],[813784.85,5886915.86],[813787.9,5886866.86],[813786.86,5886844.05],[813744.49,5886797.04],[813701.97,5886749.97],[813662.72,5886706.41],[813629.47,5886669.41],[813624.72,5886664.23],[813610.04,5886648.08],[813604.0,5886641.2],[813589.52,5886639.68],[813569.22,5886637.56],[813536.51,5886633.94],[813480.95,5886628.0],[813470.67,5886626.98],[813476.09,5886610.84],[813497.6,5886546.46],[813500.06,5886535.27],[813506.74,5886513.66],[813548.2,5886453.82],[813559.55,5886437.39],[813581.15,5886364.25],[813592.66,5886325.69],[813639.54,5886310.93],[813653.77,5886306.63],[813723.81,5886286.03],[813774.73,5886202.19],[813779.83,5886193.68],[813787.91,5886172.51],[813795.37,5886150.09],[813822.63,5886079.97],[813839.59,5886036.58],[813844.14,5886024.52],[813844.91,5886021.35],[813846.36,5886018.35],[813848.4,5886012.67],[813868.58,5885947.71],[813883.91,5885898.92],[813886.73,5885890.06],[813886.88,5885875.0],[813880.92,5885790.14],[813880.28,5885779.72],[813893.89,5885719.59],[813872.47,5885725.55],[813783.27,5885749.8],[813772.75,5885752.75],[813768.41,5885753.92],[813689.25,5885757.46],[813690.83,5885717.73],[813691.42,5885687.87],[813694.75,5885595.01],[813696.42,5885542.84],[813698.18,5885492.35],[813699.98,5885464.06],[813701.73,5885428.22],[813702.01,5885421.06],[813701.95,5885416.12],[813682.61,5885385.23],[813666.8,5885359.74],[813655.42,5885341.52],[813584.92,5885343.46],[813550.45,5885343.75],[813506.66,5885343.48],[813485.92,5885316.41],[813458.13,5885277.88],[813427.77,5885235.86],[813420.15,5885224.93],[813403.86,5885202.35],[813390.74,5885184.82],[813370.02,5885157.17],[813364.98,5885150.52],[813347.26,5885127.11],[813334.68,5885111.62],[813298.14,5885067.25],[813290.02,5885057.56],[813263.64,5885023.13],[813250.71,5885006.25],[813242.14,5884995.25],[813225.83,5884973.86],[813223.28,5884970.06],[813207.52,5884946.01],[813192.41,5884927.36],[813180.72,5884912.82],[813178.01,5884909.22],[813174.83,5884904.99],[813166.17,5884891.35],[813126.08,5884843.57],[813101.39,5884813.75],[813067.09,5884767.33],[813032.5,5884720.57],[812997.4,5884674.08],[812960.26,5884623.6],[812948.87,5884608.21],[812928.83,5884577.11],[812897.95,5884528.82],[812875.4,5884497.27],[812852.13,5884464.77],[812841.28,5884447.83],[812837.66,5884443.33],[812836.18,5884441.35],[812825.04,5884426.16],[812821.04,5884420.61],[812815.64,5884413.99],[812811.03,5884405.63],[812809.04,5884379.95],[812803.06,5884337.13],[812830.61,5884221.57],[812854.39,5884163.73],[812858.25,5884153.95],[812876.79,5884109.0],[812881.68,5884097.15],[812883.55,5884092.84],[812894.36,5884062.81],[812909.85,5884016.1],[812917.02,5883993.6],[812924.99,5883968.56],[812926.3,5883964.45],[812931.36,5883976.36],[812936.01,5883977.07],[812952.1,5883977.23],[812964.37,5883977.64],[812976.74,5883977.71],[812981.89,5883978.07],[812987.89,5883978.27],[812999.46,5883978.43],[813003.51,5883980.8],[813008.39,5883983.74],[813016.34,5883988.12],[813033.46,5883996.01],[813037.49,5883997.39],[813039.9,5884000.06],[813062.67,5884020.39],[813083.14,5884037.96],[813143.38,5884040.08],[813152.99,5884036.9],[813187.15,5884027.09],[813212.84,5884020.64],[813213.21,5884020.54],[813215.0,5884020.09],[813248.89,5884017.28],[813287.74,5884014.06],[813299.48,5884013.07],[813319.57,5884008.37],[813345.65,5884002.59],[813393.77,5883991.75],[813410.16,5883987.94],[813444.14,5883996.28],[813574.55,5884028.26],[813589.05,5884031.78],[813593.49,5884032.07],[813600.74,5884032.2],[813626.21,5884033.92],[813670.11,5884035.94],[813696.11,5884044.04],[813748.47,5884060.15],[813777.3,5884071.98],[813823.52,5884076.16],[813877.22,5884081.47],[813950.18,5884088.15],[814019.95,5884095.56],[814031.34,5884096.86],[814107.65,5884115.35],[814220.38,5884121.99],[814270.22,5884124.81],[814284.83,5884125.56],[814335.25,5884130.03],[814397.0,5884135.21],[814461.17,5884162.42],[814475.76,5884168.61],[814496.15,5884173.75],[814517.26,5884179.71],[814545.17,5884112.56],[814568.69,5884055.6],[814601.53,5883976.86],[814604.97,5883968.13],[814620.84,5883930.07],[814638.55,5883887.72],[814648.03,5883864.57],[814649.26,5883861.33],[814651.17,5883856.16],[814643.7,5883847.78],[814610.17,5883810.2],[814604.13,5883803.23],[814583.61,5883777.47],[814543.39,5883726.05],[814511.97,5883686.09],[814490.52,5883662.29],[814474.2,5883643.93],[814449.57,5883616.27],[814430.1,5883594.54],[814406.01,5883567.96],[814397.94,5883558.81],[814373.57,5883531.66],[814315.64,5883480.79],[814279.33,5883448.8],[814270.58,5883440.97],[814219.75,5883372.91],[814193.52,5883337.69],[814130.38,5883262.31],[814089.95,5883219.53],[814080.36,5883209.38],[814052.11,5883179.01],[814044.15,5883170.46],[814000.8,5883125.44],[813968.15,5883092.64],[813951.14,5883074.81],[813941.05,5883064.24],[813916.77,5883038.83],[813878.79,5882999.1],[813852.04,5882964.4],[813846.56,5882957.57],[813832.0,5882938.08],[813792.18,5882892.79],[813765.23,5882862.3],[813741.39,5882835.23],[813723.98,5882815.46],[813719.58,5882810.47],[813681.22,5882766.82],[813671.9,5882747.62],[813671.1,5882722.99],[813670.04,5882683.35],[813669.41,5882667.99],[813668.91,5882652.16],[813668.5,5882638.89],[813671.06,5882633.71],[813671.86,5882632.04],[813672.53,5882630.76],[813676.6,5882623.14],[813686.11,5882606.79],[813684.27,5882606.59],[813644.71,5882602.2],[813604.71,5882597.97],[813485.53,5882585.18],[813436.31,5882579.78],[813413.47,5882577.3],[813338.92,5882572.48],[813268.55,5882568.1],[813233.1,5882565.84],[813117.78,5882558.4],[813071.93,5882555.51],[813045.36,5882553.76],[813039.74,5882553.39],[813035.53,5882553.12],[812959.6,5882548.18],[812948.42,5882547.57],[812880.98,5882543.15],[812623.65,5882526.52],[812555.09,5882520.61],[812464.06,5882516.33],[812347.55,5882508.58],[812240.64,5882500.94],[812048.77,5882481.01],[812015.51,5882477.43],[812006.76,5882479.08],[811925.88,5882473.73],[811784.73,5882464.29],[811657.4,5882455.52],[811401.96,5882477.79],[810965.66,5882515.35],[810710.83,5882537.52],[810377.19,5882566.46],[810035.66,5882596.02],[810013.17,5882596.05],[809986.71,5882593.34],[809963.67,5882585.36],[809951.72,5882577.66],[809940.82,5882568.23],[809929.57,5882552.67],[809916.69,5882537.15],[809906.54,5882522.62],[809898.62,5882499.01],[809891.89,5882471.53],[809881.7,5882450.42],[809865.23,5882422.41],[809849.05,5882400.79],[809837.31,5882388.33],[809821.6,5882369.36],[809804.15,5882352.05],[809788.17,5882337.16],[809772.25,5882323.54],[809754.26,5882306.09],[809739.67,5882295.61],[809725.4,5882284.47],[809694.98,5882265.94],[809665.59,5882249.2],[809639.55,5882235.98],[809605.83,5882217.17],[809564.48,5882195.76],[809549.94,5882190.39],[809528.35,5882185.39],[809495.94,5882183.95],[809486.93,5882196.27],[809466.25,5882205.22],[809445.89,5882221.69],[809431.6,5882239.95],[809417.25,5882249.43],[809397.11,5882274.69],[809376.53,5882297.53],[809358.52,5882314.52],[809343.64,5882326.5],[809333.62,5882337.62],[809319.45,5882360.2],[809314.2,5882369.49],[809303.84,5882382.81],[809296.33,5882390.47],[809286.49,5882395.71],[809275.12,5882396.19],[809262.97,5882394.69],[809228.99,5882383.39],[809213.48,5882370.6],[809206.9,5882350.12],[809204.34,5882293.29],[809201.29,5882268.79],[809199.53,5882251.74],[809199.64,5882233.25],[809193.91,5882200.87],[809194.07,5882189.41],[809187.99,5882157.32],[809173.79,5882134.6],[809156.57,5882111.78],[809121.47,5882082.48],[809101.84,5882067.69],[809084.9,5882054.17],[809065.86,5882040.13],[809039.33,5882022.13],[809023.44,5882013.23],[809011.85,5882009.92],[809007.91,5882008.26],[808993.15,5882005.43],[808974.86,5882002.94],[808954.42,5882003.3],[808904.17,5882009.13],[808879.97,5882010.61],[808863.72,5882008.49],[808809.32,5881974.13],[808783.56,5881955.66],[808760.31,5881954.8],[808725.51,5881946.63],[808710.95,5881942.01],[808699.77,5881933.66],[808685.88,5881918.62],[808659.41,5881901.41],[808644.63,5881891.4],[808633.1,5881876.63],[808627.72,5881872.44],[808612.49,5881863.82],[808600.19,5881859.36],[808581.54,5881855.4],[808570.36,5881857.41],[808557.06,5881858.3],[808555.44,5881858.47],[808535.59,5881864.23],[808519.83,5881865.78],[808506.02,5881868.77],[808497.79,5881871.9],[808489.83,5881880.24],[808467.36,5881903.8],[808457.89,5881917.98],[808445.81,5881936.77],[808429.56,5881964.11],[808422.86,5881978.05],[808407.34,5881997.73],[808402.71,5882003.86],[808382.07,5882043.99],[808355.21,5882085.16],[808344.0,5882102.36],[808330.73,5882117.99],[808321.37,5882119.28],[808315.56,5882101.09],[808312.08,5882091.23],[808341.3,5882013.7],[808348.79,5881993.81],[808376.79,5881919.2],[808385.96,5881911.87],[808415.17,5881887.5],[808472.48,5881838.99],[808562.15,5881787.99],[808477.79,5881743.64],[808397.95,5881701.6],[808395.98,5881700.53],[808362.58,5881652.84],[808317.23,5881666.89],[808190.76,5881710.67],[808169.07,5881663.16],[808156.59,5881635.96],[808127.66,5881572.21],[808114.95,5881576.41],[808094.89,5881550.33],[808066.95,5881530.68],[808030.49,5881517.65],[807973.1,5881509.81],[807923.22,5881492.23],[807890.57,5881472.75],[807868.24,5881459.47],[807823.62,5881436.19],[807813.54,5881443.32],[807786.67,5881422.33],[807741.95,5881395.62],[807676.41,5881368.92],[807612.19,5881358.9],[807562.39,5881337.5],[807516.71,5881307.04],[807479.37,5881282.54],[807448.0,5881257.26],[807433.4,5881245.76],[807410.85,5881228.46],[807387.78,5881211.91],[807357.07,5881194.71],[807317.29,5881180.29],[807275.94,5881178.95],[807205.4,5881227.78],[807156.68,5881269.94],[807110.27,5881354.29],[807096.16,5881421.15],[807110.02,5881496.74],[807122.13,5881542.41],[807141.9,5881604.66],[807160.44,5881637.05],[807161.1,5881648.27],[807151.55,5881648.0],[807152.17,5881640.61],[807148.35,5881635.5],[807129.42,5881645.61],[807102.81,5881652.42],[807069.03,5881648.15],[807014.96,5881641.33],[806966.93,5881624.54],[806946.92,5881622.33],[806893.64,5881636.47],[806875.2,5881640.77],[806865.22,5881639.4],[806851.98,5881632.44],[806797.15,5881576.28],[806779.25,5881567.87],[806817.44,5881430.53],[806819.17,5881424.3],[806827.21,5881395.41],[806879.54,5881226.12],[806911.21,5881110.08],[806819.5,5881084.13],[806747.33,5881048.28],[806672.4,5881037.26],[806613.62,5881007.27],[806582.34,5880976.74],[806526.01,5880938.9],[806500.66,5880922.6],[806437.17,5880885.81],[806347.43,5880851.65],[806315.23,5880838.66],[806172.9,5880818.25],[806105.89,5880806.88],[806083.01,5880797.48],[806026.7,5880777.79],[805988.33,5880768.02],[805957.29,5880761.85],[805875.05,5880753.43],[805826.36,5880745.27],[805758.76,5880732.51],[805670.3,5880718.95],[805627.47,5880713.83],[805595.37,5880714.19],[805542.9,5880714.88],[805515.34,5880723.15],[805463.12,5880737.71],[805413.08,5880745.73],[805382.63,5880750.81],[805337.73,5880758.24],[805236.59,5880786.91],[805222.94,5880791.87],[805180.86,5880808.19],[805117.18,5880808.95],[805048.29,5880819.45],[805040.91,5880822.52],[804984.49,5880837.09],[804921.24,5880845.5],[804827.64,5880842.33],[804847.12,5880988.86],[804866.77,5881028.85],[804871.14,5881034.54],[804814.66,5881059.8],[804781.98,5881076.27],[804765.96,5881082.81],[804737.34,5881084.17],[804738.08,5881072.55],[804740.22,5881043.38],[804740.56,5881039.68],[804722.83,5880999.03],[804715.74,5880982.14],[804726.47,5880956.99],[804735.13,5880939.04],[804719.75,5880765.71],[804711.73,5880678.37],[804667.87,5880680.68],[804626.93,5880683.36],[804392.37,5880695.57],[804262.89,5880702.02],[804161.92,5880705.65],[804132.8,5880707.91],[804103.15,5880713.13],[804037.71,5880722.18],[803999.93,5880727.89],[803959.25,5880734.52],[803899.52,5880789.79],[803744.32,5880727.35],[803701.8,5880658.44],[803689.79,5880639.8],[803673.15,5880612.44],[803661.14,5880592.13],[803688.34,5880575.22],[803682.26,5880563.18],[803656.76,5880512.62],[803625.16,5880475.06],[803623.36,5880473.91],[803604.97,5880460.95],[803604.4,5880459.97],[803577.22,5880447.95],[803547.34,5880443.93],[803517.66,5880444.07],[803477.38,5880463.26],[803415.54,5880461.02],[803396.81,5880474.46],[803352.2,5880506.46],[803332.28,5880521.08],[803310.19,5880537.29],[803216.23,5880544.01],[803169.43,5880544.03],[803072.67,5880546.13],[802978.17,5880550.96],[802850.03,5880556.16],[802831.06,5880556.6],[802827.66,5880556.68],[802828.61,5880534.3],[802831.05,5880499.02],[802835.43,5880435.6],[802837.49,5880364.21],[802756.71,5880356.48],[802645.22,5880348.4],[802644.82,5880348.37],[802555.48,5880342.12],[802444.15,5880334.89],[802370.72,5880327.23],[802256.5,5880320.96],[802247.48,5880320.47],[802136.45,5880311.9],[802006.25,5880298.92],[801935.73,5880296.0],[801883.43,5880290.03],[801865.48,5880287.39],[801849.75,5880286.71],[801787.69,5880283.26],[801735.46,5880279.49],[801645.0,5880276.15],[801566.78,5880268.25],[801498.38,5880263.84],[801423.77,5880262.23],[801411.51,5880439.62],[801402.77,5880580.72],[801404.12,5880580.92],[801421.59,5880583.57],[801429.14,5880584.63],[801460.04,5880588.95],[801498.39,5880594.41],[801559.48,5880603.11],[801670.03,5880619.01],[801713.26,5880751.98],[801721.71,5880777.55],[801731.55,5880807.73],[801757.87,5880895.6],[801803.83,5881032.08],[801831.47,5881115.99],[801850.42,5881173.76],[801905.57,5881335.22],[801921.72,5881382.34],[801940.74,5881437.91],[801940.86,5881438.28],[801968.27,5881517.85],[801989.98,5881585.17],[801990.93,5881589.46],[801995.39,5881602.66],[801990.42,5881605.67],[801978.51,5881605.85],[801969.13,5881602.71],[801962.53,5881598.3],[801958.4,5881591.3],[801957.79,5881587.34],[801956.7,5881581.83],[801952.39,5881572.02],[801943.6,5881559.89],[801929.46,5881549.6],[801914.47,5881541.59],[801905.71,5881539.35],[801901.28,5881538.79],[801892.4,5881537.67],[801885.97,5881537.62],[801860.21,5881537.54],[801854.23,5881540.74],[801849.94,5881544.48],[801845.98,5881552.65],[801840.13,5881556.24],[801833.01,5881556.98],[801828.39,5881555.7],[801822.66,5881552.64],[801816.19,5881541.04],[801805.67,5881528.16],[801797.07,5881516.61],[801790.12,5881504.35],[801779.14,5881485.41],[801770.71,5881470.48],[801759.8,5881451.47],[801755.52,5881442.27],[801753.64,5881436.18],[801752.91,5881427.08],[801750.96,5881418.6],[801748.59,5881408.84],[801742.23,5881395.39],[801737.33,5881390.99],[801726.79,5881385.48],[801716.18,5881384.59],[801709.81,5881386.45],[801702.15,5881390.27],[801696.9,5881399.72],[801695.94,5881405.38],[801697.48,5881407.9],[801697.69,5881411.01],[801696.52,5881487.12],[801695.98,5881505.62],[801694.1,5881570.76],[801693.92,5881577.37],[801693.73,5881584.56],[801693.44,5881595.74],[801696.37,5881720.23],[801692.3,5881775.52],[801684.92,5881901.67],[801554.07,5881899.76],[801324.65,5881892.76],[801262.34,5881892.71],[801012.66,5881894.57],[801003.53,5881940.01],[800952.71,5882206.24],[800951.95,5882210.32],[800951.0,5882215.36],[800904.91,5882455.88],[800896.21,5882500.86],[800866.95,5882663.34],[800859.1,5882662.12],[800740.12,5882640.86],[800604.73,5882614.08],[800412.19,5882574.07],[800340.0,5882561.99],[800316.72,5882557.94],[800294.65,5882555.08],[800239.76,5882542.43],[800108.98,5882517.09],[800026.58,5882501.32],[799893.81,5882478.25],[799746.13,5882447.04],[799652.95,5882426.89],[799565.89,5882410.88],[799423.71,5882381.07],[799422.97,5882384.3],[799420.54,5882394.92],[799253.83,5882422.29],[799250.28,5882422.88],[799210.14,5882499.78],[799173.87,5882563.44],[799163.77,5882581.93],[799116.52,5882653.47],[799092.28,5882689.88],[799024.02,5882791.62],[798990.09,5882845.75],[798963.27,5882906.33],[798926.91,5882990.79],[798924.61,5882998.38],[798920.94,5883091.03],[798914.28,5883331.74],[798777.81,5883542.75],[798622.64,5883807.57],[798539.66,5883973.97],[798531.24,5883983.15],[798504.22,5884005.36],[798463.27,5884028.88],[798435.38,5884052.5],[798420.13,5884077.06],[798389.26,5884085.56],[798350.66,5884110.95],[798320.05,5884128.68],[798254.63,5884175.62],[798225.35,5884199.48],[798092.47,5884298.22],[798055.6,5884444.39],[798032.13,5884554.12],[798009.92,5884697.77],[798007.91,5884697.61],[798004.33,5884697.0],[797997.78,5884745.25],[797979.06,5884798.93],[797978.19,5884800.7],[797945.99,5884788.17],[797918.56,5884775.12],[797890.67,5884751.99],[797832.59,5884710.35],[797749.05,5884647.69],[797730.2,5884635.26],[797710.57,5884619.05],[797674.4,5884580.86],[797624.33,5884522.82],[797604.56,5884502.17],[797503.55,5884274.22],[797488.76,5884245.76],[797464.13,5884200.6],[797425.32,5884153.15],[797418.91,5884146.89],[797388.46,5884119.52],[797323.08,5884082.29],[797269.7,5884066.39],[797236.26,5884056.43],[797168.18,5884042.98],[796941.35,5884009.69],[796834.5,5884041.35],[796820.98,5884040.07],[796773.57,5884041.21],[796758.03,5884040.85],[796639.24,5884038.08],[796473.17,5884033.59],[796413.55,5884030.69],[796314.35,5884027.79],[796224.07,5884025.24],[796044.19,5884005.83],[796027.77,5884005.16],[796007.27,5884007.66],[795976.75,5884008.6],[795949.01,5884007.69],[795939.92,5884011.31],[795928.39,5884018.82],[795818.02,5884098.1],[795785.42,5884116.68],[795767.04,5884128.25],[795737.51,5884148.01],[795713.4,5884140.96],[795673.18,5884130.14],[795566.4,5884139.78],[795501.62,5884155.61],[795478.71,5884163.32],[795412.53,5884297.46],[795411.06,5884300.6],[795168.64,5884820.63],[795165.44,5884827.77],[795179.54,5884872.56],[795217.8,5884996.19],[795264.56,5885140.43],[795296.15,5885254.23],[795316.78,5885330.84],[795373.05,5885526.98],[795397.53,5885605.31],[795446.27,5885757.49],[795422.91,5885782.43],[795414.42,5885819.16],[795436.07,5885854.32],[795442.44,5885882.58],[795444.62,5885899.74],[795453.02,5885910.89],[795468.51,5885923.84],[795478.29,5885947.36],[795481.77,5885994.46],[795489.33,5886010.87],[795505.12,5886035.8],[795538.78,5886076.29],[795567.64,5886118.99],[795584.2,5886169.5],[795593.87,5886190.7],[795615.93,5886242.06],[795623.49,5886289.74],[795631.07,5886339.9],[795588.91,5886391.19],[795619.18,5886477.32],[795570.96,5886627.62],[795570.19,5886632.41],[795557.58,5886649.4],[795514.71,5886699.75],[795514.32,5886700.2],[795476.72,5886744.48],[795427.64,5886735.33],[795425.65,5886735.83],[795424.05,5886736.24],[795435.44,5886759.83],[795456.93,5886795.44],[795473.77,5886829.39],[795483.66,5886853.93],[795509.11,5886900.16],[795524.03,5886931.85],[795564.35,5886997.21],[795589.08,5887020.88],[795623.46,5887049.28],[795654.37,5887077.18],[795669.58,5887088.6],[795696.59,5887117.39],[795706.47,5887129.35],[795728.14,5887155.59],[795728.35,5887155.82],[795763.4,5887192.68],[795811.19,5887244.81],[795841.55,5887290.05],[795843.6,5887292.84],[795877.26,5887341.2],[795835.29,5887390.18],[795810.23,5887419.05],[795798.89,5887442.02],[795769.58,5887501.51],[795769.34,5887570.93],[795762.94,5887647.7],[795742.16,5887664.83],[795679.29,5887610.86],[795647.43,5887637.1],[795598.32,5887688.95],[795520.61,5887771.3],[795508.33,5887764.42],[795501.94,5887760.75],[795491.94,5887755.13],[795406.28,5887811.31],[795374.88,5887831.94],[795382.35,5887840.43],[795409.93,5887868.37],[795412.69,5887871.63],[795413.68,5887873.09],[795405.79,5887870.85],[795393.63,5887867.53],[795387.72,5887865.84],[795371.16,5887863.69],[795261.86,5887851.13],[795231.01,5887849.18],[795172.98,5887857.62],[795110.67,5887866.66],[795089.78,5887865.7],[795005.14,5887847.46],[794903.07,5887825.65],[794840.51,5887812.01],[794824.61,5887811.47],[794800.51,5887818.46],[794793.29,5887820.88],[794781.66,5887826.45],[794770.7,5887831.66],[794768.94,5887833.59],[794727.81,5887873.35],[794714.36,5887897.74],[794710.83,5887914.19],[794706.4,5887938.17],[794697.63,5887954.61],[794692.42,5887955.81],[794676.57,5887959.46],[794658.92,5887961.81],[794627.95,5887962.16],[794593.02,5887953.57],[794572.66,5887948.35],[794548.47,5887935.63],[794536.93,5887929.56],[794524.08,5887924.97],[794511.87,5887922.28],[794488.94,5887922.12],[794481.2,5887922.54],[794445.3,5887932.37],[794429.6,5887932.32],[794414.71,5887931.15],[794401.86,5887927.58],[794356.81,5887915.66],[794347.83,5887916.69],[794331.33,5887921.19],[794321.23,5887923.95],[794288.82,5887933.02],[794231.59,5887948.95],[794205.34,5887955.92],[794165.98,5887971.58],[794119.35,5887990.55],[794109.65,5887997.21],[794088.92,5888011.43],[794043.46,5888042.62],[794025.46,5888054.68],[794010.72,5888065.15],[793993.84,5888083.25],[793987.33,5888095.77],[793973.62,5888122.12],[793952.68,5888172.67],[793928.24,5888232.56],[793900.6,5888283.76],[793893.01,5888298.97],[793862.42,5888343.58],[793852.47,5888359.53],[793850.84,5888375.45],[793851.42,5888390.65],[793844.19,5888426.18],[793827.56,5888511.82],[793818.04,5888523.91],[793792.12,5888550.97],[793788.09,5888556.33],[793787.25,5888558.1],[793784.2,5888564.52],[793773.47,5888573.0],[793761.82,5888581.49],[793751.19,5888589.37],[793727.7,5888617.62],[793716.56,5888621.07],[793697.25,5888629.89],[793691.92,5888642.18],[793676.68,5888677.35],[793658.28,5888719.82],[793651.16,5888733.41],[793641.63,5888748.16],[793614.87,5888787.77],[793609.51,5888795.27],[793591.3,5888809.28],[793579.33,5888813.46],[793574.22,5888815.04],[793538.0,5888827.73],[793517.94,5888826.05],[793507.51,5888820.52],[793499.24,5888809.86],[793484.94,5888811.32],[793479.94,5888811.83],[793445.43,5888797.1],[793438.41,5888795.35],[793427.12,5888792.54],[793413.88,5888792.99],[793358.07,5888794.48],[793357.26,5888794.5],[793363.77,5888812.17],[793360.14,5888815.85],[793357.67,5888826.28],[793361.94,5888839.59],[793359.8,5888842.87],[793362.91,5888848.58],[793369.08,5888858.93],[793361.06,5888866.47],[793354.34,5888876.29],[793344.22,5888889.13],[793332.17,5888904.46],[793314.27,5888927.81],[793309.81,5888933.41],[793304.41,5888942.39],[793300.16,5888951.87],[793293.12,5888967.62],[793284.99,5888983.68],[793277.44,5889004.43],[793264.17,5888991.01],[793255.1,5888981.83],[793265.22,5888958.76],[793273.54,5888943.19],[793281.44,5888927.59],[793300.67,5888898.59],[793327.06,5888866.68],[793331.3,5888852.9],[793335.31,5888839.31],[793330.16,5888808.27],[793316.86,5888788.97],[793307.9,5888778.54],[793289.96,5888759.68],[793261.48,5888748.4],[793238.6,5888746.56],[793208.4,5888732.14],[793186.44,5888727.75],[793177.98,5888726.0],[793168.86,5888722.53],[793151.32,5888725.44],[793136.49,5888732.01],[793127.81,5888725.89],[793123.77,5888723.05],[793107.1,5888723.16],[793081.01,5888735.72],[793058.6,5888745.32],[793015.58,5888753.51],[792982.04,5888758.82],[792884.8,5888772.82],[792850.68,5888777.53],[792825.07,5888784.39],[792814.64,5888787.11],[792795.0,5888796.17],[792776.38,5888805.02],[792754.24,5888811.37],[792729.89,5888824.08],[792715.34,5888830.27],[792704.34,5888835.01],[792684.24,5888850.3],[792675.49,5888856.74],[792654.75,5888886.26],[792656.98,5888891.64],[792659.91,5888896.03],[792685.57,5888898.08],[792686.96,5888905.53],[792664.12,5888918.07],[792650.27,5888914.68],[792640.91,5888912.19],[792632.57,5888919.04],[792633.02,5888984.56],[792632.76,5889077.66],[792632.54,5889100.49],[792619.04,5889156.23],[792609.91,5889194.05],[792612.49,5889205.11],[792615.37,5889216.41],[792636.73,5889237.97],[792646.17,5889240.79],[792662.48,5889245.24],[792683.28,5889243.16],[792696.48,5889241.71],[792707.53,5889240.52],[792722.23,5889240.16],[792737.7,5889239.44],[792753.99,5889240.38],[792771.14,5889248.83],[792785.09,5889256.17],[792802.79,5889298.58],[792808.32,5889323.92],[792810.63,5889350.9],[792810.35,5889375.65],[792812.25,5889384.07],[792813.98,5889390.73],[792817.62,5889415.7],[792818.59,5889430.34],[792819.3,5889460.27],[792816.28,5889482.34],[792812.07,5889498.25],[792803.92,5889514.26],[792796.86,5889530.04],[792781.29,5889540.74],[792760.04,5889541.83],[792728.06,5889534.04],[792702.53,5889530.51],[792697.51,5889529.46],[792689.12,5889538.32],[792691.29,5889570.41],[792704.07,5889607.07],[792710.15,5889614.49],[792740.45,5889651.16],[792785.81,5889740.12],[792782.16,5889745.68],[792774.09,5889756.09],[792765.87,5889764.91],[792745.2,5889784.44],[792730.73,5889794.83],[792717.05,5889807.06],[792686.53,5889835.0],[792674.35,5889854.71],[792670.39,5889867.0],[792663.42,5889887.38],[792652.48,5889908.79],[792622.27,5889943.24],[792613.43,5889953.56],[792585.3,5889980.96],[792573.25,5889986.54],[792564.78,5889991.14],[792555.81,5889992.94],[792547.5,5889998.2],[792530.04,5890002.26],[792512.46,5890005.25],[792497.86,5890003.17],[792491.7,5890001.91],[792480.19,5889999.67],[792464.71,5890000.34],[792462.48,5890000.44],[792450.6,5889996.32],[792448.22,5889992.72],[792444.59,5889987.24],[792429.66,5889983.8],[792427.47,5889986.29],[792420.12,5889994.68],[792420.64,5890014.82],[792424.78,5890039.7],[792448.52,5890072.55],[792457.55,5890089.99],[792462.8,5890105.57],[792461.1,5890112.67],[792457.88,5890128.02],[792452.61,5890138.6],[792448.61,5890146.64],[792438.41,5890157.41],[792419.9,5890176.85],[792413.84,5890189.63],[792412.42,5890207.38],[792417.53,5890218.5],[792435.61,5890236.63],[792456.99,5890258.16],[792462.39,5890270.11],[792460.98,5890283.38],[792453.62,5890294.68],[792433.63,5890310.6],[792424.9,5890313.43],[792409.91,5890318.23],[792396.74,5890320.24],[792381.16,5890322.6],[792375.54,5890321.09],[792360.38,5890317.42],[792351.02,5890319.75],[792346.63,5890320.81],[792340.9,5890326.39],[792339.27,5890334.31],[792338.29,5890339.33],[792341.97,5890362.92],[792342.79,5890368.41],[792343.08,5890383.9],[792343.03,5890399.11],[792335.77,5890422.51],[792324.87,5890443.2],[792306.87,5890463.19],[792272.75,5890479.06],[792257.48,5890484.49],[792243.79,5890489.36],[792220.53,5890496.18],[792210.61,5890497.55],[792198.36,5890500.62],[792187.0,5890508.59],[792180.93,5890519.93],[792178.87,5890530.84],[792182.6,5890550.51],[792180.47,5890570.68],[792171.3,5890592.73],[792154.21,5890609.88],[792139.23,5890617.41],[792128.26,5890619.12],[792110.35,5890618.06],[792092.55,5890613.93],[792081.14,5890617.36],[792078.37,5890624.15],[792079.83,5890636.42],[792083.99,5890649.65],[792099.86,5890678.49],[792097.5,5890679.51],[792084.78,5890684.7],[792074.71,5890688.5],[792075.54,5890690.38],[792077.82,5890691.69],[792079.47,5890693.9],[792082.46,5890696.31],[792087.66,5890700.73],[792090.39,5890705.26],[792093.77,5890707.78],[792100.93,5890715.91],[792103.56,5890718.41],[792118.71,5890738.34],[792121.99,5890743.95],[792128.77,5890761.9],[792141.51,5890796.3],[792146.19,5890807.93],[792150.29,5890828.37],[792151.26,5890840.57],[792150.21,5890855.95],[792147.74,5890869.29],[792144.18,5890881.27],[792140.59,5890887.91],[792135.88,5890892.77],[792130.81,5890897.13],[792123.86,5890902.93],[792119.61,5890905.12],[792114.89,5890906.32],[792106.26,5890909.34],[792101.28,5890909.8],[792089.48,5890907.93],[792083.41,5890906.15],[792062.02,5890909.03],[792058.21,5890909.68],[792053.07,5890908.69],[792044.11,5890910.76],[792007.62,5890919.22],[791991.6,5890922.69],[791954.51,5890927.65],[791925.23,5890937.66],[791890.05,5890954.0],[791870.41,5890982.8],[791869.95,5891012.02],[791870.87,5891035.22],[791871.19,5891045.69],[791870.73,5891068.29],[791870.28,5891083.09],[791856.12,5891099.84],[791846.7,5891103.7],[791836.16,5891106.77],[791817.7,5891110.16],[791788.96,5891106.87],[791762.34,5891112.45],[791744.26,5891125.52],[791735.71,5891143.78],[791741.89,5891219.24],[791743.67,5891243.63],[791736.51,5891260.56],[791724.21,5891264.63],[791662.75,5891253.1],[791638.16,5891249.68],[791591.73,5891260.45],[791557.39,5891268.8],[791513.15,5891287.73],[791499.09,5891293.73],[791496.68,5891293.55],[791446.92,5891289.95],[791437.83,5891289.3],[791408.1,5891282.15],[791397.04,5891279.49],[791399.04,5891287.3],[791401.3,5891296.12],[791389.35,5891298.94],[791379.85,5891297.29],[791373.07,5891300.05],[791369.51,5891300.62],[791363.25,5891304.0],[791356.89,5891308.03],[791353.05,5891311.52],[791350.68,5891313.15],[791346.99,5891315.39],[791345.82,5891319.76],[791344.2,5891322.89],[791334.6,5891337.55],[791333.17,5891351.7],[791334.99,5891356.64],[791333.73,5891364.11],[791334.94,5891375.29],[791336.35,5891382.19],[791339.66,5891398.81],[791341.73,5891407.43],[791341.95,5891415.27],[791341.39,5891419.05],[791339.54,5891427.82],[791337.05,5891432.78],[791334.9,5891437.48],[791334.21,5891440.93],[791330.07,5891445.6],[791319.99,5891452.73],[791313.8,5891457.15],[791310.28,5891460.04],[791297.79,5891464.57],[791294.34,5891464.76],[791287.57,5891466.59],[791280.07,5891465.72],[791275.37,5891459.02],[791259.68,5891461.69],[791248.82,5891462.85],[791239.53,5891467.1],[791232.21,5891471.74],[791225.57,5891477.72],[791220.5,5891486.79],[791219.17,5891492.17],[791217.41,5891502.71],[791217.29,5891511.71],[791218.78,5891518.61],[791222.12,5891525.43],[791226.84,5891530.93],[791260.13,5891574.94],[791268.62,5891597.34],[791264.22,5891628.86],[791254.3,5891644.37],[791247.6,5891650.93],[791225.14,5891674.53],[791206.21,5891694.94],[791186.14,5891726.03],[791182.84,5891731.17],[791165.86,5891779.49],[791151.9,5891801.44],[791144.7,5891806.5],[791141.2,5891807.4],[791136.13,5891805.54],[791130.73,5891802.85],[791124.07,5891796.71],[791106.7,5891776.68],[791100.55,5891769.3],[791091.46,5891757.86],[791086.0,5891751.74],[791080.01,5891745.18],[791053.36,5891738.79],[791030.93,5891738.18],[791018.12,5891740.7],[791001.96,5891748.91],[790990.42,5891759.1],[790937.87,5891811.53],[790932.99,5891816.38],[790927.04,5891823.7],[790910.87,5891845.3],[790908.1,5891849.85],[790902.51,5891856.93],[790882.94,5891883.69],[790877.12,5891890.3],[790873.19,5891893.49],[790857.59,5891902.33],[790841.99,5891907.36],[790827.4,5891909.24],[790792.72,5891911.2],[790767.97,5891911.51],[790740.96,5891909.48],[790720.07,5891906.61],[790693.22,5891901.23],[790650.75,5891890.49],[790632.49,5891889.95],[790618.58,5891890.02],[790597.94,5891888.93],[790584.18,5891889.52],[790574.71,5891888.41],[790552.06,5891881.78],[790534.66,5891875.41],[790477.86,5891828.09],[790475.03,5891825.7],[790466.87,5891820.53],[790451.59,5891816.58],[790432.08,5891814.99],[790380.7,5891805.59],[790366.06,5891806.31],[790363.8,5891806.34],[790348.21,5891799.21],[790340.75,5891794.99],[790332.37,5891792.22],[790328.01,5891791.93],[790325.26,5891791.54],[790305.95,5891786.97],[790286.48,5891786.13],[790248.07,5891784.1],[790230.52,5891784.22],[790196.56,5891791.73],[790181.52,5891797.17],[790169.99,5891802.42],[790160.11,5891806.13],[790141.43,5891814.13],[790132.69,5891818.5],[790118.68,5891824.82],[790101.94,5891826.68],[790093.47,5891825.97],[790081.68,5891825.86],[790072.21,5891821.95],[790062.84,5891820.45],[790053.4,5891821.81],[790035.54,5891827.56],[790029.49,5891832.23],[790015.96,5891843.3],[790013.8,5891850.05],[790011.72,5891859.6],[790012.05,5891865.13],[790010.93,5891872.85],[790011.05,5891879.0],[790011.8,5891889.99],[790011.11,5891900.32],[790009.67,5891903.97],[790008.0,5891908.19],[790003.3,5891912.26],[789997.9,5891912.49],[789990.02,5891912.82],[789978.25,5891913.13],[789968.17,5891909.82],[789961.03,5891906.1],[789955.33,5891902.6],[789939.87,5891899.26],[789926.63,5891892.43],[789905.66,5891892.13],[789889.17,5891897.84],[789877.14,5891904.79],[789866.57,5891911.44],[789860.8,5891919.99],[789859.87,5891930.01],[789856.7,5891935.24],[789853.67,5891949.2],[789854.59,5891962.81],[789852.51,5891984.88],[789847.5,5891995.93],[789834.63,5892009.24],[789806.41,5892020.81],[789753.52,5892035.04],[789726.39,5892040.96],[789717.53,5892043.99],[789703.61,5892048.29],[789678.2,5892058.44],[789669.67,5892065.05],[789657.19,5892080.75],[789648.28,5892093.87],[789632.89,5892123.35],[789627.66,5892134.14],[789627.79,5892135.31],[789626.15,5892139.64],[789622.76,5892143.9],[789620.78,5892150.43],[789617.94,5892154.73],[789616.94,5892159.11],[789610.17,5892172.26],[789607.56,5892178.66],[789604.33,5892182.29],[789602.97,5892188.71],[789591.11,5892206.52],[789584.25,5892212.32],[789568.13,5892219.08],[789553.81,5892221.99],[789521.86,5892224.23],[789478.32,5892230.0],[789447.06,5892235.22],[789433.35,5892237.12],[789420.99,5892238.74],[789397.61,5892240.23],[789379.21,5892244.13],[789367.89,5892249.16],[789363.04,5892253.14],[789356.26,5892261.08],[789335.91,5892294.58],[789321.75,5892319.17],[789310.56,5892332.18],[789303.71,5892337.85],[789291.71,5892343.08],[789268.26,5892354.93],[789260.92,5892363.22],[789255.73,5892371.15],[789251.95,5892378.28],[789245.54,5892403.92],[789245.14,5892416.64],[789247.19,5892430.1],[789249.27,5892437.05],[789252.0,5892442.46],[789259.88,5892453.09],[789267.16,5892459.78],[789272.89,5892463.84],[789276.75,5892466.99],[789285.82,5892475.02],[789289.41,5892477.69],[789291.38,5892479.83],[789303.8,5892488.75],[789309.71,5892492.14],[789319.48,5892500.21],[789321.53,5892502.58],[789331.04,5892507.37],[789339.18,5892513.43],[789344.34,5892517.43],[789347.7,5892521.24],[789360.49,5892530.3],[789363.18,5892532.1],[789369.83,5892538.18],[789372.51,5892541.01],[789378.71,5892546.36],[789382.35,5892550.78],[789388.25,5892557.61],[789390.11,5892560.65],[789392.36,5892564.98],[789399.22,5892575.5],[789404.89,5892585.09],[789406.98,5892588.83],[789413.12,5892602.24],[789415.49,5892629.36],[789416.85,5892655.97],[789415.35,5892708.57],[789412.53,5892726.52],[789409.69,5892734.01],[789384.92,5892769.15],[789380.79,5892775.27],[789378.52,5892779.62],[789375.16,5892784.26],[789375.64,5892787.01],[789373.83,5892789.64],[789371.17,5892794.94],[789370.28,5892797.41],[789364.94,5892820.43],[789362.44,5892830.28],[789355.72,5892847.01],[789317.64,5892908.53],[789306.29,5892930.69],[789293.71,5892957.94],[789263.69,5893060.69],[789252.56,5893114.84],[789250.05,5893135.74],[789249.61,5893145.26],[789243.73,5893208.1],[789241.07,5893239.82],[789237.7,5893281.11],[789235.84,5893291.24],[789232.0,5893308.16],[789229.64,5893315.47],[789228.62,5893320.91],[789225.7,5893331.16],[789222.42,5893338.53],[789211.23,5893353.93],[789209.32,5893355.52],[789207.08,5893357.26],[789203.27,5893360.07],[789186.35,5893372.43],[789155.85,5893389.75],[789126.75,5893397.75],[789102.57,5893398.64],[789036.49,5893385.89],[789018.44,5893382.08],[789006.3,5893381.38],[788995.96,5893379.96],[788991.82,5893379.8],[788979.81,5893379.66],[788970.4,5893380.1],[788968.05,5893380.24],[788958.66,5893380.09],[788952.98,5893383.23],[788943.61,5893385.08],[788924.41,5893390.0],[788912.18,5893395.09],[788901.56,5893398.93],[788892.81,5893402.56],[788883.56,5893406.63],[788869.95,5893415.85],[788853.9,5893426.54],[788822.3,5893448.76],[788768.03,5893491.57],[788731.18,5893536.93],[788727.61,5893544.15],[788724.85,5893549.72],[788719.74,5893564.04],[788717.11,5893578.89],[788711.92,5893613.45],[788711.35,5893627.83],[788713.08,5893636.66],[788715.67,5893656.09],[788718.42,5893664.22],[788732.55,5893706.54],[788725.22,5893745.55],[788722.02,5893758.04],[788715.32,5893815.34],[788714.59,5893821.75],[788713.3,5893830.57],[788714.8,5893855.33],[788715.32,5893871.0],[788714.15,5893883.61],[788711.07,5893900.59],[788705.19,5893923.78],[788699.62,5893933.94],[788691.57,5893950.14],[788682.2,5893961.51],[788673.27,5893969.13],[788658.5,5893976.52],[788650.13,5893980.18],[788632.98,5893987.65],[788618.68,5893993.77],[788590.88,5894010.32],[788571.4,5894027.92],[788558.58,5894044.86],[788553.06,5894056.96],[788545.87,5894069.94],[788539.54,5894097.71],[788531.17,5894143.97],[788528.98,5894156.06],[788524.22,5894171.08],[788518.3,5894185.32],[788511.71,5894193.68],[788505.89,5894201.32],[788475.18,5894231.41],[788465.22,5894240.32],[788459.46,5894250.48],[788447.6,5894275.4],[788439.65,5894297.08],[788433.3,5894331.73],[788434.16,5894339.45],[788433.23,5894366.09],[788433.62,5894390.81],[788433.29,5894399.91],[788430.85,5894418.44],[788429.91,5894432.16],[788427.0,5894441.48],[788411.35,5894457.04],[788398.62,5894464.61],[788384.55,5894469.14],[788349.13,5894477.99],[788334.59,5894485.01],[788307.76,5894505.0],[788297.5,5894514.73],[788282.26,5894529.17],[788267.72,5894543.97],[788255.15,5894554.34],[788236.81,5894567.02],[788214.6,5894579.01],[788177.98,5894608.78],[788169.21,5894616.97],[788160.15,5894627.37],[788154.16,5894639.2],[788151.09,5894646.7],[788147.98,5894657.91],[788146.51,5894666.19],[788145.63,5894671.12],[788141.92,5894698.98],[788135.91,5894715.45],[788125.71,5894729.25],[788117.99,5894736.43],[788110.46,5894743.44],[788101.77,5894750.34],[788092.95,5894755.22],[788086.32,5894759.67],[788070.82,5894768.36],[788055.92,5894773.6],[788044.5,5894776.68],[788031.22,5894779.07],[788019.85,5894779.07],[788013.08,5894777.44],[787989.63,5894768.3],[787984.47,5894766.43],[787976.58,5894764.61],[787964.18,5894763.55],[787950.7,5894761.99],[787937.22,5894764.26],[787926.98,5894768.83],[787923.37,5894771.11],[787917.1,5894775.07],[787914.16,5894778.19],[787909.17,5894785.27],[787905.34,5894794.21],[787900.31,5894811.74],[787883.72,5894855.12],[787879.44,5894865.55],[787868.52,5894884.38],[787831.73,5894935.87],[787816.23,5894954.66],[787781.81,5894992.85],[787770.34,5895000.42],[787758.84,5895003.94],[787748.41,5895005.3],[787736.39,5895004.49],[787728.35,5895003.08],[787709.63,5894999.78],[787657.39,5894988.95],[787584.56,5894995.01],[787569.38,5894996.37],[787548.39,5895007.04],[787522.89,5895020.13],[787509.14,5895027.26],[787498.32,5895042.22],[787486.77,5895058.15],[787455.24,5895102.38],[787443.65,5895141.59],[787438.45,5895159.88],[787435.11,5895171.16],[787431.52,5895183.48],[787435.67,5895207.65],[787443.41,5895228.35],[787444.68,5895231.49],[787448.95,5895242.16],[787454.81,5895261.4],[787460.49,5895280.85],[787463.32,5895280.97],[787475.52,5895301.64],[787488.91,5895316.32],[787500.67,5895326.87],[787506.79,5895333.28],[787517.85,5895349.04],[787523.46,5895359.54],[787528.64,5895376.34],[787528.44,5895391.39],[787525.9,5895402.33],[787520.75,5895416.57],[787516.93,5895424.06],[787509.11,5895438.32],[787500.14,5895454.94],[787495.84,5895461.63],[787494.45,5895464.61],[787489.99,5895471.39],[787484.29,5895479.03],[787479.39,5895482.7],[787476.77,5895486.2],[787471.79,5895489.03],[787466.77,5895494.86],[787458.27,5895501.21],[787455.36,5895502.85],[787450.2,5895505.77],[787440.58,5895510.36],[787432.08,5895513.15],[787418.61,5895516.34],[787400.51,5895520.79],[787368.17,5895531.42],[787364.7,5895533.03],[787363.83,5895532.99],[787357.06,5895532.59],[787353.84,5895534.12],[787351.62,5895533.34],[787349.33,5895533.86],[787337.81,5895536.52],[787333.58,5895536.45],[787332.66,5895536.44],[787324.81,5895538.45],[787323.01,5895539.87],[787307.79,5895546.84],[787300.8,5895551.78],[787295.77,5895553.62],[787292.7,5895554.74],[787289.91,5895556.3],[787284.31,5895561.02],[787279.94,5895566.11],[787267.92,5895582.74],[787259.98,5895595.69],[787248.34,5895604.57],[787231.05,5895619.99],[787220.88,5895633.92],[787216.7,5895649.93],[787214.5,5895661.33],[787212.87,5895673.39],[787212.82,5895710.89],[787216.27,5895719.7],[787218.76,5895723.47],[787222.83,5895729.6],[787224.04,5895735.71],[787229.6,5895743.01],[787231.57,5895743.88],[787236.39,5895744.25],[787238.57,5895746.07],[787239.22,5895746.6],[787244.42,5895750.46],[787248.08,5895753.13],[787254.89,5895757.11],[787264.36,5895762.63],[787266.93,5895764.17],[787298.55,5895784.25],[787306.74,5895791.19],[787312.88,5895798.74],[787317.79,5895806.73],[787319.35,5895811.17],[787324.69,5895822.72],[787330.1,5895839.57],[787331.96,5895862.93],[787330.32,5895872.75],[787321.49,5895884.27],[787319.74,5895895.78],[787315.42,5895903.27],[787310.13,5895909.7],[787280.21,5895940.96],[787272.41,5895946.76],[787265.32,5895950.61],[787254.45,5895958.06],[787240.85,5895965.23],[787223.47,5895967.82],[787210.7,5895968.65],[787198.36,5895964.64],[787191.98,5895963.68],[787197.07,5895990.28],[787159.51,5895985.82],[787150.93,5895989.25],[787141.84,5895989.71],[787125.57,5895995.4],[787099.23,5896010.35],[787065.99,5896021.33],[787058.71,5896021.59],[787047.84,5896023.87],[787033.83,5896024.52],[787032.05,5896025.89],[787029.22,5896025.33],[787015.38,5896025.04],[787007.54,5896024.22],[786944.7,5896015.6],[786875.58,5896013.17],[786858.88,5896012.65],[786839.25,5896012.83],[786831.09,5896014.14],[786818.69,5896012.7],[786797.32,5896011.86],[786788.1,5896013.4],[786776.32,5896017.91],[786770.47,5896021.91],[786765.63,5896029.45],[786760.62,5896037.28],[786757.76,5896048.02],[786758.2,5896057.17],[786757.38,5896067.94],[786757.57,5896076.09],[786757.1,5896088.1],[786760.75,5896104.86],[786767.06,5896123.82],[786773.03,5896138.83],[786785.28,5896169.61],[786786.62,5896172.08],[786787.03,5896172.08],[786805.4,5896171.8],[786811.87,5896171.52],[786839.06,5896204.64],[786864.29,5896220.68],[786903.45,5896232.79],[786915.83,5896276.46],[786928.84,5896303.81],[786955.8,5896329.56],[786980.32,5896328.75],[787012.37,5896315.4],[787045.0,5896305.38],[787097.53,5896322.87],[787111.67,5896350.27],[787113.37,5896354.5],[787121.94,5896375.09],[787150.96,5896372.64],[787201.86,5896395.63],[787240.41,5896420.08],[787209.72,5896510.72],[787218.31,5896515.51],[787274.48,5896546.87],[787268.03,5896583.49],[787273.85,5896600.13],[787290.19,5896648.14],[787292.68,5896655.71],[787326.29,5896666.83],[787351.08,5896652.53],[787366.5,5896643.64],[787347.27,5896590.45],[787338.8,5896567.55],[787334.09,5896554.23],[787338.12,5896552.62],[787374.33,5896538.12],[787417.46,5896559.69],[787424.88,5896567.87],[787448.22,5896594.35],[787498.44,5896587.3],[787519.24,5896584.29],[787538.24,5896581.59],[787559.81,5896578.45],[787604.89,5896563.17],[787658.19,5896544.84],[787679.53,5896550.04],[787688.72,5896552.29],[787688.79,5896589.64],[787701.0,5896606.5],[787711.72,5896621.08],[787717.98,5896629.65],[787703.98,5896639.65],[787678.23,5896658.19],[787676.28,5896659.59],[787675.65,5896660.05],[787674.58,5896660.81],[787656.52,5896673.78],[787656.87,5896681.04],[787657.83,5896699.03],[787632.38,5896697.62],[787592.65,5896695.4],[787564.76,5896705.65],[787510.47,5896725.71],[787449.69,5896735.92],[787445.76,5896736.5],[787404.51,5896755.57],[787405.52,5896761.29],[787408.88,5896782.3],[787412.06,5896801.19],[787388.66,5896820.25],[787376.13,5896809.14],[787354.15,5896789.67],[787337.44,5896775.06],[787318.26,5896776.36],[787283.03,5896778.74],[787281.41,5896755.64],[787279.29,5896726.45],[787260.2,5896672.86],[787243.12,5896640.41],[787234.21,5896624.21],[787224.11,5896605.38],[787186.6,5896570.9],[787177.79,5896563.38],[787126.4,5896539.7],[787088.23,5896530.96],[787053.35,5896522.83],[786993.37,5896480.21],[786972.16,5896465.08],[786968.72,5896462.68],[786962.84,5896458.35],[786962.26,5896457.97],[786870.72,5896430.09],[786813.13,5896413.79],[786731.12,5896389.98],[786717.13,5896384.54],[786713.7,5896383.36],[786717.05,5896388.93],[786739.44,5896426.29],[786760.95,5896466.57],[786792.81,5896526.23],[786803.18,5896545.58],[786833.49,5896602.35],[786859.47,5896651.2],[786925.31,5896774.62],[786944.78,5896809.84],[786946.76,5896812.88],[786968.42,5896853.15],[786985.92,5896885.69],[787036.32,5896979.21],[787108.75,5897114.02],[787113.64,5897114.01],[787183.97,5897240.99],[787234.98,5897333.51],[787282.77,5897419.42],[787340.91,5897523.7],[787346.99,5897534.48],[787367.7,5897572.9],[787361.75,5897569.45],[787524.04,5897865.96],[787682.53,5898171.0],[787644.42,5898193.6],[787458.06,5898302.23],[787324.96,5898379.85],[787111.42,5898504.29],[787045.77,5898542.6],[787046.99,5898544.71],[787049.56,5898549.13],[787056.46,5898561.64],[787225.61,5898866.34],[787256.49,5898921.95],[787328.39,5899051.17],[787403.62,5899187.12],[787421.13,5899218.73],[787476.99,5899319.57],[787493.57,5899349.9],[787529.96,5899415.31],[787581.05,5899507.14],[787622.14,5899580.67],[787665.22,5899658.19],[787710.53,5899739.41],[787758.33,5899825.3],[787762.96,5899833.47],[787860.25,5900008.01],[787942.3,5900155.52],[787992.6,5900245.77],[788017.08,5900289.16],[788047.46,5900344.14],[788053.41,5900355.0],[788147.56,5900523.82],[788187.54,5900595.48],[788194.58,5900607.82],[788218.24,5900651.14],[788223.07,5900659.31],[788201.45,5900647.79],[788173.09,5900626.41],[788158.86,5900623.35],[788144.14,5900623.04],[788129.01,5900622.83],[788114.13,5900625.07],[788095.23,5900639.88],[788064.8,5900656.37],[788046.84,5900674.81],[788027.98,5900685.14],[788017.11,5900695.04],[787997.51,5900711.63],[787977.89,5900727.92],[787974.48,5900742.81],[787980.23,5900755.28],[787980.59,5900756.31],[787984.28,5900778.28],[787993.25,5900788.61],[788002.26,5900788.69],[788015.2,5900793.02],[788043.91,5900799.16],[788048.0,5900801.15],[788063.58,5900807.81],[788084.6,5900815.76],[788110.74,5900818.71],[788129.52,5900824.76],[788148.44,5900830.27],[788167.49,5900833.06],[788170.4,5900833.49],[788184.85,5900838.54],[788197.59,5900847.77],[788181.8,5900843.59],[788151.54,5900839.53],[788097.78,5900832.45],[788046.15,5900825.4],[787946.85,5900809.88],[787913.65,5900804.36],[787889.02,5900800.37],[787864.55,5900796.36],[787852.87,5900794.56],[787835.66,5900791.75],[787812.5,5900792.75],[787765.78,5900795.02],[787744.8,5900796.0],[787725.15,5900796.91],[787684.87,5900809.31],[787653.31,5900814.2],[787640.69,5900820.45],[787623.19,5900830.93],[787597.23,5900845.9],[787531.46,5900883.84],[787526.91,5900886.18],[787521.32,5900889.96],[787438.25,5900937.49],[787414.21,5900954.52],[787346.7,5901015.97],[787314.22,5901045.19],[787314.09,5901045.29],[787292.25,5901064.81],[787210.33,5901115.0],[787136.45,5901160.85],[787113.77,5901174.97],[787096.05,5901180.5],[787069.85,5901191.04],[787044.79,5901195.64],[787012.68,5901201.55],[786989.88,5901216.69],[786961.06,5901235.15],[786923.67,5901257.03],[786867.03,5901265.04],[786846.3,5901268.79],[786831.94,5901271.31],[786807.3,5901282.26],[786792.52,5901296.1],[786779.28,5901316.11],[786753.19,5901339.16],[786743.29,5901345.47],[786736.61,5901352.1],[786732.33,5901356.3],[786719.63,5901363.01],[786681.8,5901386.94],[786581.96,5901450.58],[786567.53,5901459.7],[786511.81,5901496.55],[786495.32,5901470.01],[786487.27,5901462.39],[786465.33,5901450.1],[786435.33,5901450.21],[786406.35,5901459.5],[786387.24,5901466.82],[786366.82,5901476.12],[786323.89,5901485.27],[786310.66,5901496.71],[786250.68,5901535.14],[786224.84,5901551.56],[786214.28,5901561.18],[786204.17,5901573.4],[786194.44,5901581.15],[786173.84,5901593.73],[786146.8,5901611.96],[786126.66,5901625.54],[786131.75,5901628.87],[786139.08,5901632.81],[786135.13,5901661.59],[786130.31,5901681.83],[786127.0,5901707.68],[786124.21,5901725.9],[786127.06,5901740.47],[786139.96,5901755.75],[786158.03,5901765.98],[786159.02,5901766.35],[786190.51,5901777.85],[786211.13,5901784.53],[786225.48,5901793.52],[786243.12,5901812.04],[786250.55,5901818.82],[786256.55,5901824.35],[786282.08,5901851.88],[786290.83,5901859.64],[786304.91,5901872.38],[786318.79,5901885.29],[786334.96,5901898.34],[786348.13,5901905.68],[786354.27,5901909.16],[786368.01,5901919.35],[786403.14,5901929.53],[786417.49,5901932.86],[786437.85,5901937.29],[786464.42,5901942.76],[786479.98,5901951.08],[786489.4,5901965.39],[786493.55,5901979.76],[786501.21,5902005.8],[786507.31,5902027.34],[786514.58,5902053.44],[786534.61,5902103.07],[786547.69,5902133.8],[786587.05,5902221.26],[786616.88,5902281.51],[786628.74,5902288.7],[786696.61,5902314.85],[786711.25,5902318.18],[786719.6,5902316.76],[786733.61,5902307.24],[786755.59,5902291.03],[786759.49,5902284.37],[786762.18,5902285.34],[786757.05,5902298.69],[786750.47,5902310.58],[786744.22,5902316.86],[786742.65,5902318.17],[786708.35,5902337.44],[786689.11,5902342.52],[786649.54,5902356.02],[786634.62,5902364.73],[786612.96,5902381.56],[786597.58,5902394.2],[786600.58,5902403.42],[786584.17,5902422.35],[786581.65,5902431.47],[786574.21,5902446.41],[786541.03,5902469.03],[786505.72,5902487.9],[786483.76,5902502.56],[786466.79,5902519.39],[786456.64,5902534.96],[786449.75,5902556.69],[786452.55,5902562.21],[786455.59,5902588.13],[786456.05,5902613.99],[786450.52,5902659.85],[786449.31,5902674.74],[786452.92,5902691.96],[786461.19,5902706.43],[786474.04,5902719.55],[786487.05,5902728.4],[786495.5,5902742.74],[786497.94,5902756.76],[786495.19,5902767.74],[786486.1,5902778.46],[786461.52,5902794.47],[786456.31,5902798.65],[786434.04,5902805.63],[786419.78,5902799.73],[786389.33,5902797.37],[786369.88,5902792.12],[786324.93,5902773.62],[786314.33,5902768.62],[786306.24,5902766.57],[786281.16,5902756.39],[786253.62,5902747.89],[786237.06,5902741.65],[786223.39,5902734.74],[786201.88,5902726.95],[786176.93,5902715.87],[786164.35,5902707.02],[786122.72,5902686.33],[786109.87,5902676.71],[786105.99,5902662.63],[786090.6,5902649.45],[786076.28,5902646.52],[786061.79,5902628.6],[786047.06,5902612.76],[786029.94,5902594.99],[786012.78,5902576.16],[785995.23,5902555.22],[785983.49,5902543.86],[785977.58,5902535.75],[785956.28,5902516.98],[785934.11,5902502.28],[785916.74,5902491.14],[785902.44,5902480.1],[785894.03,5902472.19],[785871.24,5902460.28],[785852.61,5902453.64],[785840.4,5902443.0],[785838.77,5902440.48],[785823.35,5902415.28],[785810.96,5902408.35],[785802.75,5902407.01],[785803.51,5902402.32],[785812.52,5902396.55],[785824.25,5902397.38],[785836.09,5902410.65],[785850.02,5902397.53],[785859.08,5902368.1],[785861.44,5902349.48],[785857.25,5902343.41],[785854.65,5902324.04],[785845.85,5902310.14],[785828.82,5902290.85],[785803.41,5902274.45],[785785.78,5902266.98],[785778.08,5902261.87],[785749.13,5902252.5],[785744.71,5902256.75],[785740.15,5902258.84],[785704.46,5902242.37],[785703.44,5902240.29],[785704.63,5902230.9],[785694.74,5902226.24],[785679.32,5902228.53],[785658.43,5902223.83],[785645.53,5902217.0],[785639.33,5902203.49],[785637.18,5902188.32],[785629.39,5902182.65],[785636.02,5902172.65],[785640.93,5902159.83],[785621.03,5902131.54],[785604.08,5902115.04],[785576.18,5902097.46],[785562.86,5902085.18],[785548.01,5902064.26],[785526.14,5902053.0],[785501.47,5902044.85],[785491.52,5902043.53],[785464.71,5902054.65],[785439.37,5902050.08],[785422.19,5902049.21],[785406.1,5902048.51],[785394.53,5902039.17],[785392.3,5902027.82],[785392.94,5901998.03],[785389.51,5901976.3],[785384.53,5901963.82],[785378.91,5901959.02],[785374.37,5901957.56],[785368.0,5901966.66],[785361.73,5901975.69],[785362.33,5901981.86],[785363.16,5901988.96],[785360.84,5901993.41],[785356.06,5901997.34],[785352.3,5902010.01],[785338.8,5902022.58],[785315.93,5902063.36],[785307.76,5902095.99],[785322.55,5902134.38],[785326.32,5902161.65],[785331.08,5902218.81],[785346.19,5902238.49],[785364.17,5902287.92],[785396.63,5902330.39],[785415.31,5902357.86],[785445.15,5902384.82],[785460.76,5902386.95],[785472.36,5902400.66],[785521.06,5902428.42],[785552.04,5902435.26],[785557.03,5902438.55],[785572.47,5902448.3],[785586.53,5902463.19],[785612.02,5902484.31],[785615.5,5902496.14],[785632.53,5902514.63],[785641.25,5902531.93],[785680.28,5902550.99],[785702.36,5902595.9],[785712.11,5902610.75],[785704.71,5902629.58],[785682.78,5902648.62],[785679.79,5902651.98],[785671.45,5902661.3],[785656.62,5902679.03],[785646.73,5902696.22],[785641.36,5902724.07],[785631.73,5902747.57],[785629.43,5902761.57],[785622.48,5902784.58],[785618.03,5902797.75],[785608.18,5902826.42],[785590.2,5902863.18],[785583.37,5902878.02],[785582.04,5902883.09],[785579.58,5902892.47],[785578.96,5902894.22],[785564.35,5902952.96],[785562.17,5902975.38],[785549.47,5902997.31],[785495.34,5903045.09],[785474.59,5903072.07],[785453.23,5903108.64],[785434.66,5903153.98],[785420.21,5903202.78],[785423.29,5903319.05],[785419.81,5903353.2],[785420.73,5903367.34],[785404.4,5903370.49],[785304.12,5903404.93],[785177.04,5903460.85],[785153.84,5903484.81],[785125.01,5903522.49],[785123.73,5903524.35],[785080.78,5903586.83],[785025.21,5903540.48],[784923.03,5903543.33],[784900.7,5903562.85],[784888.46,5903629.61],[784818.26,5903671.32],[784730.48,5903623.56],[784684.85,5903653.77],[784650.33,5903656.99],[784601.25,5903729.4],[784320.42,5903519.37],[784078.5,5903514.19],[783960.46,5903525.11],[783962.57,5903552.9],[783965.25,5903588.02],[783964.17,5903592.89],[783963.12,5903597.59],[783958.87,5903596.18],[783909.09,5903579.59],[783792.59,5903538.96],[783790.69,5903543.3],[783788.68,5903547.9],[783786.62,5903552.62],[783674.95,5903534.1],[783616.62,5903524.69],[783588.43,5903683.42],[783563.36,5903791.73],[783562.19,5903838.34],[783562.55,5903888.48],[783563.05,5903971.21],[783518.97,5904030.17],[783474.29,5904094.84],[783428.73,5904152.76],[783382.78,5904215.23],[783310.34,5904311.18],[783291.24,5904340.71],[783171.23,5904364.51],[783200.56,5904399.61],[783222.9,5904426.81],[783294.67,5904514.62],[783302.54,5904522.41],[783419.45,5904635.27],[783491.42,5904704.41],[783599.33,5904805.58],[783610.67,5904803.59],[783681.54,5904854.35],[783692.28,5904881.08],[783795.25,5905137.41],[783811.57,5905169.02],[783764.27,5905182.11],[783718.72,5905202.26],[783712.95,5905204.81],[783758.07,5905276.1],[783716.26,5905390.19],[783700.58,5905432.97],[783692.31,5905453.67],[783597.68,5905571.78],[783550.66,5905625.69],[783467.69,5905720.94],[783410.45,5905786.54],[783399.23,5905799.37],[783357.94,5905906.95],[783326.82,5905990.88],[783302.18,5906033.13],[783302.39,5906145.18],[783204.83,5906179.79],[783160.19,5906192.94],[783157.08,5906193.95],[783157.37,5906200.03],[783160.66,5906208.28],[783163.5,5906223.83],[783168.21,5906239.85],[783169.93,5906249.72],[783168.57,5906262.04],[783165.78,5906272.49],[783165.05,5906279.28],[783162.91,5906287.71],[783161.21,5906296.5],[783156.99,5906312.56],[783152.12,5906332.56],[783149.94,5906335.73],[783151.09,5906344.27],[783146.57,5906368.0],[783146.6,5906371.7],[783143.0,5906376.44],[783144.71,5906388.38],[783142.98,5906391.9],[783147.17,5906397.04],[783151.37,5906405.84],[783152.71,5906410.74],[783167.28,5906442.26],[783171.65,5906458.57],[783174.01,5906477.9],[783175.02,5906505.73],[783175.17,5906507.66],[783177.56,5906515.35],[783172.1,5906523.34],[783175.12,5906531.09],[783184.24,5906531.48],[783191.41,5906529.92],[783197.11,5906531.57],[783209.3,5906537.06],[783211.4,5906538.62],[783218.86,5906544.77],[783224.51,5906554.6],[783236.8,5906575.3],[783237.23,5906577.39],[783239.51,5906586.13],[783240.79,5906591.05],[783242.07,5906594.88],[783244.68,5906600.41],[783249.49,5906611.44],[783254.42,5906617.04],[783261.24,5906624.76],[783268.13,5906631.19],[783282.71,5906637.41],[783290.36,5906639.97],[783295.56,5906641.94],[783297.57,5906642.7],[783313.48,5906646.91],[783327.25,5906651.25],[783334.05,5906654.84],[783337.83,5906656.82],[783342.87,5906658.84],[783361.48,5906677.58],[783369.4,5906685.95],[783376.04,5906695.43],[783376.95,5906699.76],[783378.67,5906707.13],[783378.35,5906716.04],[783379.22,5906720.79],[783379.65,5906733.37],[783380.09,5906738.29],[783378.42,5906738.48],[783379.44,5906747.53],[783378.81,5906758.11],[783376.1,5906769.84],[783374.0,5906777.37],[783368.77,5906793.8],[783362.36,5906811.53],[783362.1,5906812.24],[783349.31,5906849.49],[783309.57,5906911.46],[783283.2,5906939.34],[783258.9,5906961.53],[783257.94,5906967.56],[783235.77,5906988.82],[783214.24,5907008.84],[783199.02,5907018.04],[783177.89,5907031.59],[783143.0,5907047.58],[783119.58,5907045.61],[783110.49,5907043.86],[783101.94,5907042.14],[783096.22,5907039.0],[783090.31,5907034.18],[783080.29,5907027.03],[783066.15,5907009.56],[783054.86,5906993.67],[783052.18,5906982.15],[783040.72,5906976.2],[783033.38,5906968.61],[783028.61,5906958.24],[783039.25,5906935.32],[783081.03,5906849.18],[783119.77,5906803.28],[783126.34,5906705.51],[783107.91,5906648.16],[783084.44,5906575.76],[783053.61,5906523.67],[783039.76,5906476.57],[782997.15,5906476.6],[782994.46,5906498.21],[782969.29,5906703.14],[782988.78,5906931.8],[783088.01,5907054.63],[783088.91,5907055.73],[783091.13,5907058.49],[783093.06,5907060.87],[783095.3,5907063.65],[783101.85,5907071.75],[783052.65,5907124.53],[782900.78,5907084.35],[782928.3,5907157.89],[782962.98,5907250.6],[783000.61,5907351.16],[783155.1,5907268.07],[783164.64,5907287.39],[783302.87,5907523.72],[783311.79,5907539.05],[783340.49,5907587.99],[783373.6,5907634.07],[783414.1,5907690.43],[783316.36,5907746.84],[783247.64,5907788.25],[783367.53,5907858.23],[783416.07,5907886.56],[783438.59,5907899.7],[783533.92,5908019.19],[783539.43,5908019.29],[783543.49,5908038.82],[783552.38,5908081.24],[783558.19,5908093.47],[783582.21,5908143.93],[783587.28,5908154.59],[783576.8,5908177.22],[783578.28,5908181.84],[783580.04,5908187.38],[783589.58,5908210.37],[783593.48,5908213.92],[783590.64,5908216.97],[783586.87,5908221.02],[783579.58,5908228.85],[783570.22,5908252.07],[783549.55,5908270.23],[783536.26,5908274.03],[783525.59,5908282.83],[783519.55,5908295.7],[783504.66,5908300.35],[783483.71,5908296.37],[783474.84,5908298.1],[783468.2,5908304.17],[783462.38,5908309.48],[783460.71,5908307.15],[783456.44,5908311.69],[783458.51,5908314.39],[783454.54,5908318.26],[783448.23,5908324.42],[783438.71,5908342.86],[783438.67,5908342.93],[783411.56,5908348.48],[783408.46,5908354.9],[783404.32,5908363.45],[783392.67,5908362.51],[783390.27,5908358.89],[783388.18,5908356.44],[783384.39,5908352.03],[783378.81,5908345.51],[783372.13,5908338.89],[783369.75,5908336.53],[783369.85,5908326.81],[783365.31,5908287.72],[783367.65,5908257.09],[783369.33,5908225.75],[783362.4,5908193.16],[783359.22,5908184.94],[783351.61,5908170.87],[783336.94,5908151.11],[783303.99,5908137.19],[783292.3,5908136.82],[783278.7,5908135.72],[783265.66,5908138.86],[783262.58,5908141.29],[783240.71,5908138.03],[783218.52,5908139.68],[783204.73,5908142.28],[783191.64,5908151.96],[783178.89,5908160.46],[783161.87,5908183.78],[783154.98,5908191.39],[783130.97,5908223.35],[783121.29,5908230.82],[783113.7,5908239.15],[783111.6,5908249.39],[783108.03,5908273.72],[783104.9,5908284.9],[783102.03,5908297.39],[783102.21,5908310.73],[783105.21,5908323.15],[783107.78,5908333.76],[783118.23,5908357.26],[783130.71,5908380.65],[783146.6,5908405.43],[783161.24,5908423.31],[783171.64,5908439.35],[783196.63,5908468.53],[783222.12,5908496.54],[783234.58,5908509.15],[783243.93,5908515.34],[783248.71,5908517.36],[783246.01,5908529.13],[783244.21,5908550.43],[783217.28,5908552.33],[783210.15,5908560.85],[783204.49,5908570.26],[783204.86,5908580.18],[783215.9,5908598.17],[783220.9,5908608.09],[783231.74,5908631.49],[783233.13,5908674.67],[783231.38,5908707.79],[783240.15,5908714.02],[783243.37,5908729.67],[783242.96,5908748.16],[783249.69,5908773.93],[783242.97,5908813.13],[783245.0,5908852.89],[783242.97,5908887.7],[783243.66,5908931.86],[783247.59,5908960.73],[783249.55,5909022.08],[783261.34,5909074.93],[783276.34,5909120.98],[783306.55,5909192.07],[783334.59,5909241.62],[783335.36,5909242.75],[783349.76,5909263.7],[783381.82,5909307.07],[783406.51,5909335.84],[783569.51,5909478.86],[783589.51,5909493.27],[783610.96,5909508.95],[783641.06,5909538.6],[783664.93,5909570.97],[783681.44,5909605.14],[783691.42,5909681.99],[783685.48,5909681.07],[783673.95,5909782.03],[783662.66,5909801.87],[783648.74,5909814.12],[783618.96,5909860.77],[783614.73,5909871.49],[783629.99,5909872.08],[783642.55,5909873.4],[783653.15,5909872.33],[783650.38,5909858.03],[783650.23,5909850.48],[783664.06,5909847.33],[783688.9,5909845.87],[783707.46,5909851.58],[783710.46,5909850.76],[783714.43,5909843.5],[783728.55,5909841.55],[783751.33,5909823.91],[783770.36,5909820.04],[783773.27,5909808.14],[783767.76,5909781.61],[783766.59,5909775.99],[783768.1,5909771.13],[783772.34,5909768.56],[783777.78,5909768.65],[783782.27,5909769.64],[783786.18,5909770.52],[783789.08,5909771.16],[783807.18,5909763.18],[783822.05,5909763.17],[783837.88,5909770.06],[783841.57,5909774.11],[783848.65,5909781.86],[783855.63,5909792.84],[783868.18,5909795.88],[783877.07,5909798.04],[783897.79,5909807.19],[783904.35,5909810.09],[783917.03,5909808.55],[783927.38,5909802.01],[783927.89,5909801.68],[783940.28,5909793.68],[783951.74,5909780.75],[783964.88,5909781.36],[783972.69,5909783.67],[783982.52,5909787.2],[783988.46,5909786.38],[783992.38,5909786.5],[783996.7,5909793.02],[784001.49,5909799.28],[784005.77,5909802.01],[784014.38,5909803.97],[784024.02,5909809.37],[784026.92,5909815.02],[784024.99,5909817.44],[784021.3,5909818.28],[784021.05,5909822.36],[784031.56,5909823.72],[784042.03,5909830.55],[784043.66,5909835.71],[784048.3,5909833.27],[784051.87,5909834.65],[784059.51,5909845.82],[784059.44,5909848.0],[784054.6,5909855.04],[784043.37,5909857.37],[784041.01,5909875.1],[784055.1,5909900.08],[784071.62,5909905.96],[784084.74,5909922.98],[784094.62,5909943.86],[784105.21,5909957.96],[784122.46,5909968.53],[784133.46,5909972.44],[784146.63,5909977.93],[784166.22,5909984.16],[784182.86,5909991.42],[784199.4,5910000.99],[784209.44,5910009.36],[784213.44,5910022.6],[784212.49,5910042.59],[784212.4,5910061.47],[784214.8,5910071.58],[784222.35,5910081.55],[784232.17,5910090.65],[784247.57,5910097.25],[784260.44,5910095.15],[784313.9,5910077.82],[784313.98,5910075.14],[784314.2,5910072.09],[784318.18,5910069.49],[784335.93,5910075.04],[784332.44,5910078.6],[784342.68,5910078.85],[784352.24,5910082.65],[784353.37,5910089.34],[784358.68,5910091.76],[784362.28,5910098.79],[784365.46,5910099.11],[784366.46,5910092.39],[784369.97,5910090.95],[784372.53,5910099.75],[784371.58,5910111.4],[784381.46,5910111.31],[784381.52,5910116.95],[784382.96,5910119.77],[784387.9,5910119.72],[784389.69,5910122.88],[784396.48,5910131.64],[784407.15,5910140.01],[784412.28,5910141.1],[784424.58,5910138.75],[784427.18,5910134.94],[784448.54,5910128.08],[784468.1,5910125.93],[784477.38,5910134.46],[784485.27,5910137.61],[784487.96,5910143.85],[784496.12,5910145.53],[784500.8,5910150.35],[784523.82,5910146.0],[784533.41,5910140.65],[784540.8,5910137.87],[784548.21,5910135.6],[784563.6,5910133.03],[784608.39,5910128.36],[784616.8,5910130.32],[784626.43,5910135.85],[784636.51,5910144.27],[784643.91,5910149.98],[784651.79,5910153.18],[784661.01,5910153.79],[784668.04,5910154.39],[784686.62,5910153.85],[784692.93,5910151.58],[784707.53,5910145.51],[784723.25,5910140.53],[784764.98,5910117.75],[784771.79,5910113.56],[784779.97,5910112.63],[784784.11,5910116.25],[784785.77,5910119.25],[784787.78,5910122.87],[784798.49,5910123.95],[784810.65,5910130.17],[784825.6,5910134.96],[784855.49,5910142.6],[784864.63,5910147.96],[784872.59,5910152.24],[784889.18,5910166.56],[784898.53,5910174.39],[784905.91,5910180.25],[784914.06,5910185.79],[784921.45,5910191.58],[784922.49,5910194.0],[784931.76,5910198.28],[784948.43,5910209.09],[784971.29,5910223.93],[784989.03,5910235.32],[785000.39,5910243.33],[785014.08,5910252.99],[785020.57,5910257.43],[785045.23,5910270.17],[785063.49,5910282.06],[785080.82,5910294.28],[785095.16,5910304.4],[785101.86,5910317.29],[785105.73,5910323.17],[785115.06,5910331.72],[785118.75,5910333.5],[785124.76,5910336.4],[785133.71,5910351.48],[785134.84,5910382.34],[785130.17,5910392.93],[785123.41,5910411.83],[785125.93,5910423.58],[785131.53,5910446.55],[785135.37,5910461.3],[785139.5,5910475.7],[785145.63,5910499.04],[785148.02,5910524.9],[785152.26,5910565.29],[785159.45,5910589.02],[785163.93,5910602.95],[785166.43,5910610.7],[785168.4,5910616.58],[785173.5,5910627.35],[785179.69,5910642.1],[785187.39,5910657.5],[785192.7,5910670.92],[785198.67,5910686.7],[785203.1,5910699.33],[785205.86,5910708.87],[785209.08,5910720.04],[785215.35,5910738.73],[785223.6,5910769.05],[785224.44,5910779.4],[785225.32,5910785.21],[785227.58,5910793.59],[785232.59,5910814.1],[785235.75,5910831.06],[785244.79,5910857.14],[785253.47,5910871.28],[785262.65,5910887.17],[785268.86,5910900.76],[785289.47,5910931.96],[785314.09,5910953.91],[785348.96,5910992.65],[785383.08,5911027.12],[785433.74,5911066.88],[785456.67,5911077.75],[785498.8,5911093.32],[785515.21,5911102.47],[785541.71,5911128.61],[785568.2,5911152.15],[785595.95,5911175.83],[785608.35,5911190.95],[785605.08,5911210.63],[785583.42,5911237.63],[785564.34,5911274.21],[785564.83,5911305.92],[785578.8,5911343.22],[785581.71,5911372.81],[785591.78,5911399.65],[785605.78,5911425.84],[785630.55,5911453.9],[785636.53,5911461.48],[785663.16,5911502.28],[785689.56,5911537.05],[785734.94,5911568.31],[785749.85,5911569.58],[785764.63,5911567.28],[785790.42,5911563.27],[785813.5,5911553.3],[785837.48,5911528.58],[785842.28,5911526.37],[785849.21,5911523.18],[785864.74,5911521.26],[785883.44,5911514.12],[785895.93,5911505.36],[785905.75,5911494.14],[785905.8,5911482.21],[785899.3,5911469.76],[785896.6,5911455.48],[785900.46,5911448.35],[785901.05,5911447.32],[785915.88,5911450.41],[785921.71,5911451.63],[785926.35,5911457.43],[785927.66,5911462.12],[785930.63,5911463.84],[785931.67,5911469.78],[785932.19,5911472.78],[785937.87,5911477.64],[785940.24,5911479.04],[785943.76,5911481.12],[785949.61,5911486.61],[785957.94,5911496.62],[785961.53,5911498.37],[785970.58,5911508.27],[785978.57,5911515.65],[785984.24,5911522.48],[785993.33,5911530.89],[785996.01,5911536.11],[785996.05,5911551.61],[785996.06,5911555.07],[785995.78,5911559.08],[785999.25,5911567.33],[785999.31,5911573.98],[786001.95,5911575.98],[786006.45,5911575.61],[786006.86,5911571.64],[786009.98,5911571.05],[786010.5,5911572.03],[786010.32,5911574.98],[786008.34,5911580.21],[786011.97,5911582.49],[786016.26,5911580.85],[786023.11,5911589.45],[786023.26,5911593.76],[786028.71,5911594.5],[786040.5,5911601.89],[786044.79,5911599.53],[786049.57,5911602.75],[786057.75,5911616.73],[786078.27,5911632.25],[786080.22,5911628.13],[786080.75,5911627.01],[786085.43,5911631.79],[786092.46,5911638.97],[786093.92,5911641.54],[786092.45,5911652.03],[786113.24,5911645.28],[786115.01,5911645.24],[786125.7,5911644.98],[786141.05,5911648.79],[786150.87,5911665.12],[786151.17,5911672.37],[786151.23,5911673.97],[786152.4,5911673.81],[786155.62,5911673.39],[786156.44,5911679.72],[786158.29,5911694.03],[786167.55,5911692.41],[786168.46,5911692.14],[786176.45,5911689.72],[786176.44,5911691.14],[786171.68,5911695.54],[786164.04,5911702.6],[786174.12,5911710.83],[786185.05,5911711.58],[786183.74,5911717.16],[786176.3,5911726.03],[786178.08,5911731.23],[786192.36,5911733.19],[786200.92,5911739.32],[786207.09,5911739.31],[786211.17,5911736.08],[786211.36,5911733.05],[786211.48,5911731.23],[786217.33,5911730.87],[786218.8,5911739.55],[786225.81,5911740.03],[786225.61,5911747.05],[786231.51,5911747.37],[786238.44,5911754.29],[786249.66,5911756.5],[786256.23,5911762.28],[786259.43,5911777.71],[786259.67,5911778.86],[786259.22,5911787.59],[786263.61,5911786.71],[786265.78,5911788.33],[786263.35,5911796.09],[786273.56,5911799.07],[786273.44,5911794.13],[786278.78,5911800.2],[786276.75,5911809.01],[786282.19,5911811.89],[786282.56,5911828.0],[786292.54,5911823.53],[786298.76,5911820.56],[786308.75,5911815.79],[786315.36,5911816.57],[786334.14,5911831.85],[786336.95,5911834.42],[786344.96,5911846.9],[786347.72,5911854.13],[786356.46,5911853.16],[786368.24,5911859.47],[786368.22,5911867.19],[786377.53,5911869.71],[786377.02,5911879.55],[786386.1,5911883.38],[786389.62,5911887.97],[786383.29,5911899.59],[786381.06,5911903.79],[786379.75,5911906.26],[786381.05,5911916.68],[786384.05,5911918.99],[786383.17,5911922.88],[786383.36,5911926.09],[786382.74,5911930.5],[786385.69,5911937.24],[786387.74,5911937.23],[786389.44,5911941.26],[786392.2,5911958.42],[786391.25,5911968.96],[786389.0,5911978.9],[786397.06,5911988.77],[786401.35,5911985.53],[786404.58,5911985.84],[786403.78,5911992.55],[786411.08,5912000.65],[786409.68,5912007.93],[786418.34,5912009.82],[786418.48,5912011.48],[786412.97,5912021.64],[786412.32,5912029.82],[786411.08,5912031.75],[786408.84,5912033.01],[786407.11,5912037.08],[786410.8,5912039.76],[786411.08,5912041.82],[786409.35,5912047.55],[786413.83,5912050.44],[786416.14,5912051.82],[786418.86,5912055.78],[786420.71,5912058.12],[786422.82,5912057.04],[786427.04,5912059.74],[786435.64,5912060.37],[786436.9,5912061.42],[786435.92,5912064.42],[786438.58,5912074.81],[786443.27,5912079.0],[786452.91,5912079.99],[786454.5,5912080.43],[786454.62,5912080.88],[786454.07,5912086.05],[786466.26,5912090.83],[786467.84,5912091.6],[786468.12,5912093.68],[786464.65,5912098.93],[786461.29,5912106.03],[786464.69,5912114.41],[786467.86,5912116.05],[786471.54,5912120.01],[786477.14,5912118.84],[786494.02,5912122.84],[786504.44,5912125.39],[786523.95,5912130.18],[786545.72,5912133.26],[786552.27,5912135.01],[786572.76,5912126.91],[786591.64,5912122.83],[786610.82,5912117.6],[786625.79,5912109.92],[786638.48,5912101.22],[786642.58,5912096.21],[786649.37,5912093.76],[786654.17,5912088.1],[786660.49,5912086.37],[786669.69,5912080.22],[786675.1,5912072.98],[786675.9,5912073.58],[786719.23,5912055.7],[786720.13,5912057.63],[786744.21,5912051.38],[786775.82,5912047.37],[786782.41,5912047.14],[786787.75,5912046.96],[786794.53,5912046.72],[786799.25,5912046.56],[786802.86,5912046.43],[786806.35,5912046.31],[786811.35,5912046.14],[786813.77,5912046.05],[786825.45,5912045.65],[786833.96,5912045.35],[786836.28,5912045.24],[786845.64,5912044.8],[786853.34,5912044.44],[786857.59,5912044.24],[786868.95,5912043.71],[786880.0,5912043.19],[786881.39,5912043.12],[786889.73,5912039.08],[786900.98,5912033.62],[786903.32,5912032.48],[786912.28,5912028.2],[786918.55,5912025.1],[786971.65,5911999.33],[787064.09,5911988.37],[787102.35,5911975.98],[787103.6,5911975.58],[787105.56,5911974.94],[787173.8,5911952.84],[787241.07,5911949.07],[787301.02,5911939.93],[787330.26,5911935.73],[787361.17,5911931.3],[787413.79,5911923.74],[787496.14,5911913.55],[787522.88,5911909.87],[787574.49,5911902.75],[787589.17,5911900.73],[787681.52,5911884.38],[787796.39,5911855.54],[787874.5,5911819.97],[787930.27,5911785.87],[787948.96,5911778.09],[787954.36,5911775.85],[787959.04,5911773.9],[788017.93,5911749.4],[788080.45,5911726.43],[788158.41,5911697.48],[788162.49,5911695.9],[788169.85,5911693.56],[788174.49,5911692.09],[788185.98,5911688.45],[788222.32,5911676.91],[788287.57,5911655.76],[788387.51,5911627.74],[788476.68,5911611.04],[788486.38,5911609.0],[788525.14,5911600.84],[788530.94,5911599.62],[788603.93,5911584.26],[788701.57,5911564.09],[788726.32,5911559.12],[788769.51,5911550.02],[788803.18,5911542.92],[788902.62,5911521.39],[788973.67,5911503.17],[789028.4,5911489.14],[789092.24,5911474.56],[789203.92,5911455.24],[789333.99,5911474.7],[789412.67,5911480.84],[789400.06,5911522.65],[789391.5,5911555.15],[789383.14,5911593.36],[789374.95,5911642.42],[789364.48,5911697.52],[789350.99,5911753.56],[789333.14,5911785.89],[789336.92,5911788.02],[789338.77,5911789.07],[789342.38,5911791.1],[789366.7,5911804.8],[789422.97,5911832.22],[789460.9,5911849.8],[789495.98,5911864.93],[789561.04,5911893.92],[789595.98,5911907.78],[789599.74,5911909.26],[789603.34,5911910.69],[789606.36,5911911.88],[789611.61,5911913.98],[789617.97,5911916.53],[789630.29,5911921.47],[789683.21,5911944.78],[789736.16,5911975.24],[789780.97,5911996.17],[789789.59,5912000.19],[789805.48,5912007.54],[789841.56,5912024.22],[789909.08,5912035.77],[789968.73,5912053.87],[789986.79,5912053.46],[790000.44,5912053.15],[790021.9,5912052.66],[790120.93,5912053.56],[790189.84,5912060.43],[790226.84,5912063.65],[790275.95,5912064.68],[790321.91,5912061.09],[790352.47,5912058.55],[790380.88,5912059.82],[790421.31,5912063.42],[790475.91,5912064.22],[790521.5,5912068.4],[790568.68,5912061.88],[790606.11,5912061.62],[790643.12,5912062.67],[790686.87,5912053.21],[790688.36,5912052.89],[790731.92,5912015.34],[790754.77,5911997.99],[790791.39,5911973.07],[790833.19,5911935.61],[790895.52,5911879.74],[790903.95,5911871.19],[790926.26,5911848.57],[790935.27,5911830.28],[790938.11,5911824.51],[790956.35,5911793.03],[790978.32,5911754.5],[790996.76,5911729.69],[791006.33,5911701.25],[791027.66,5911652.25],[791051.43,5911609.43],[791089.61,5911549.69],[791132.02,5911495.62],[791155.27,5911465.75],[791182.87,5911437.25],[791212.54,5911392.63],[791231.02,5911363.54],[791241.7,5911347.35],[791260.01,5911329.09],[791277.81,5911294.32],[791292.99,5911251.53],[791325.59,5911181.07],[791330.81,5911144.94],[791349.15,5911089.55],[791366.99,5911035.09],[791368.52,5911003.82],[791368.81,5910997.91],[791368.94,5910995.08],[791369.06,5910992.63],[791377.43,5910936.82],[791383.42,5910871.51],[791387.32,5910828.99],[791389.85,5910807.98],[791400.7,5910716.56],[791396.74,5910715.39],[791404.58,5910680.28],[791419.06,5910612.74],[791413.16,5910595.76],[791404.96,5910567.53],[791408.85,5910551.13],[791412.92,5910522.52],[791426.61,5910491.55],[791432.83,5910439.69],[791433.33,5910404.75],[791440.64,5910370.13],[791453.05,5910317.79],[791500.49,5910275.73],[791534.81,5910230.82],[791545.45,5910223.26],[791567.14,5910207.84],[791596.47,5910189.97],[791616.94,5910171.81],[791629.56,5910155.34],[791642.74,5910132.85],[791669.79,5910093.41],[791682.59,5910065.26],[791696.68,5910046.18],[791746.61,5909990.21],[791749.72,5909988.75],[791780.61,5909957.48],[791784.85,5909951.09],[791788.55,5909945.47],[791795.24,5909926.31],[791809.62,5909912.01],[791816.84,5909904.82],[791818.41,5909903.26],[791822.66,5909899.03],[791862.58,5909859.25],[791886.28,5909838.4],[791918.44,5909793.52],[791925.87,5909754.85],[791938.93,5909732.99],[791955.9,5909704.66],[791976.09,5909670.83],[792041.9,5909568.84],[792052.99,5909553.97],[792070.71,5909530.02],[792102.29,5909466.34],[792120.43,5909426.07],[792123.9,5909414.54],[792126.02,5909407.41],[792134.21,5909382.95],[792153.29,5909327.89],[792194.17,5909266.8],[792213.19,5909236.77],[792226.24,5909206.35],[792244.13,5909173.2],[792279.5,5909136.7],[792311.15,5909085.98],[792316.02,5909081.25],[792372.16,5909087.62],[792391.36,5909092.89],[792409.0,5909099.72],[792417.31,5909103.68],[792425.71,5909107.84],[792438.73,5909113.55],[792457.57,5909119.8],[792470.52,5909123.23],[792488.15,5909135.76],[792513.69,5909138.72],[792532.2,5909139.1],[792537.57,5909136.72],[792544.56,5909130.88],[792551.95,5909122.84],[792557.4,5909112.29],[792564.04,5909101.49],[792573.11,5909076.68],[792584.08,5909052.94],[792589.39,5909024.12],[792593.41,5909004.38],[792593.67,5908983.5],[792592.0,5908969.59],[792588.44,5908958.02],[792579.65,5908942.51],[792567.5,5908924.59],[792560.87,5908916.18],[792550.78,5908907.8],[792540.14,5908897.74],[792535.01,5908893.9],[792519.69,5908882.42],[792501.06,5908874.33],[792492.54,5908871.48],[792487.97,5908866.01],[792493.19,5908860.58],[792505.19,5908821.71],[792513.23,5908786.54],[792518.91,5908745.45],[792521.93,5908708.21],[792524.94,5908685.12],[792527.41,5908666.09],[792528.13,5908634.64],[792528.5,5908618.34],[792533.67,5908587.63],[792535.17,5908578.68],[792540.94,5908564.84],[792543.88,5908557.77],[792545.53,5908553.8],[792561.68,5908515.04],[792575.39,5908482.1],[792576.54,5908479.35],[792581.67,5908471.62],[792609.32,5908429.93],[792612.16,5908426.54],[792631.19,5908405.27],[792689.01,5908357.33],[792733.04,5908321.43],[792774.53,5908287.33],[792807.5,5908260.18],[792816.26,5908262.29],[792830.79,5908265.96],[792843.02,5908269.4],[792859.86,5908271.26],[792874.69,5908277.33],[792897.27,5908288.15],[792912.52,5908296.94],[792914.3,5908297.96],[792924.3,5908304.07],[792944.71,5908313.18],[792961.06,5908320.88],[792966.11,5908323.26],[792971.99,5908325.34],[793001.06,5908331.71],[793012.9,5908331.9],[793015.45,5908332.62],[793022.06,5908334.5],[793030.15,5908339.65],[793056.23,5908359.93],[793064.37,5908366.43],[793068.88,5908370.93],[793076.89,5908373.01],[793081.23,5908375.45],[793094.94,5908383.16],[793096.66,5908392.99],[793100.22,5908413.39],[793102.03,5908423.77],[793107.71,5908435.67],[793112.62,5908445.99],[793121.97,5908448.15],[793155.14,5908455.83],[793179.51,5908463.06],[793187.37,5908472.73],[793208.29,5908498.45],[793252.51,5908562.58],[793247.27,5908595.66],[793251.63,5908676.44],[793269.55,5908712.77],[793326.36,5908766.44],[793374.67,5908734.83],[793385.71,5908711.57],[793451.68,5908653.39],[793470.25,5908648.68],[793482.96,5908651.0],[793517.71,5908652.81],[793518.21,5908652.84],[793533.14,5908653.62],[793611.42,5908657.7],[793646.25,5908644.95],[793707.82,5908663.4],[793751.18,5908672.92],[793762.35,5908675.37],[793766.46,5908676.28],[793823.91,5908716.36],[793836.51,5908725.16],[793856.52,5908738.14],[793877.5,5908751.75],[793882.02,5908755.03],[793900.74,5908816.62],[793915.2,5908864.16],[793898.54,5908892.82],[793902.31,5908920.03],[793903.02,5908926.66],[793904.53,5908940.69],[793904.91,5908968.79],[793900.82,5908977.62],[793893.96,5908992.45],[793869.05,5909002.88],[793843.03,5909013.0],[793797.81,5909017.76],[793769.02,5909032.33],[793754.78,5909066.41],[793751.01,5909094.97],[793758.56,5909125.15],[793782.94,5909152.21],[793787.74,5909161.95],[793796.02,5909178.78],[793811.15,5909207.41],[793810.56,5909239.0],[793804.03,5909281.09],[793787.56,5909346.1],[793785.22,5909366.19],[793804.54,5909401.51],[793819.96,5909437.56],[793825.01,5909462.67],[793826.91,5909472.13],[793838.12,5909483.21],[793848.7,5909491.17],[793855.92,5909494.9],[793864.19,5909511.46],[793862.03,5909523.11],[793858.93,5909539.88],[793854.81,5909555.89],[793858.22,5909587.95],[793856.17,5909654.82],[793855.84,5909656.94],[793853.61,5909671.24],[793858.97,5909686.96],[793879.29,5909708.61],[793892.58,5909731.89],[793913.85,5909758.58],[793949.58,5909799.34],[793970.63,5909822.16],[793974.55,5909844.8],[793970.69,5909868.71],[793962.37,5909897.41],[793957.54,5909927.68],[793963.0,5909949.85],[793980.65,5909985.92],[794012.25,5910046.18],[794018.4,5910069.11],[794018.09,5910093.88],[794010.79,5910115.41],[793994.61,5910144.85],[793975.82,5910167.57],[793948.41,5910202.47],[793964.57,5910276.47],[793960.82,5910376.26],[793977.95,5910413.6],[794017.74,5910458.39],[794041.43,5910476.68],[794053.67,5910499.34],[794060.2,5910524.11],[794058.1,5910545.36],[794041.8,5910567.45],[794017.6,5910586.69],[793997.99,5910594.05],[793976.15,5910600.33],[793982.3,5910611.47],[794004.44,5910622.27],[794039.05,5910638.99],[794078.45,5910665.72],[794138.67,5910654.36],[794159.7,5910650.38],[794186.89,5910649.71],[794204.5,5910653.41],[794244.45,5910668.32],[794270.29,5910682.59],[794336.77,5910750.94],[794347.18,5910768.84],[794346.13,5910829.34],[794367.52,5910903.38],[794378.64,5910940.37],[794379.67,5910943.36],[794393.66,5910984.28],[794396.12,5910986.4],[794397.43,5910987.53],[794452.03,5911034.51],[794487.29,5911076.93],[794492.47,5911083.16],[794501.28,5911093.75],[794516.83,5911115.58],[794526.87,5911138.64],[794532.35,5911164.38],[794535.86,5911191.08],[794541.47,5911204.18],[794543.45,5911218.05],[794547.75,5911225.31],[794575.24,5911245.36],[794587.65,5911249.11],[794635.01,5911263.42],[794649.35,5911271.28],[794672.54,5911282.43],[794683.21,5911295.64],[794732.14,5911324.06],[794751.27,5911378.68],[794778.42,5911456.2],[794830.35,5911545.72],[794879.25,5911654.49],[794886.0,5911671.07],[794902.39,5911710.7],[794914.59,5911742.68],[794922.86,5911756.29],[794928.85,5911767.94],[794932.17,5911782.21],[794936.6,5911801.99],[794941.73,5911818.2],[794951.32,5911838.67],[794964.28,5911861.51],[794976.88,5911886.94],[794989.56,5911909.23],[795003.25,5911926.46],[795008.11,5911944.79],[795008.77,5911979.05],[795017.23,5912000.7],[795030.23,5912021.84],[795037.2,5912031.28],[795046.56,5912042.65],[795058.7,5912082.1],[795070.25,5912114.17],[795074.33,5912132.46],[795086.12,5912151.04],[795098.0,5912164.0],[795111.84,5912195.61],[795119.55,5912218.03],[795121.09,5912230.92],[795119.24,5912244.58],[795114.84,5912267.7],[795106.63,5912291.37],[795101.31,5912325.41],[795101.15,5912386.68],[795099.85,5912417.96],[795099.41,5912432.02],[795104.23,5912457.19],[795114.52,5912475.76],[795123.55,5912495.52],[795145.41,5912517.52],[795155.19,5912527.99],[795183.19,5912550.23],[795195.51,5912560.2],[795212.27,5912575.51],[795210.93,5912580.71],[795203.09,5912610.98],[795190.06,5912640.85],[795178.06,5912658.55],[795174.01,5912664.55],[795150.58,5912689.71],[795135.27,5912699.92],[795119.23,5912708.72],[795113.72,5912711.34],[795111.69,5912712.41],[795113.6,5912728.15],[795118.31,5912743.15],[795132.45,5912776.64],[795153.1,5912809.79],[795200.88,5912867.07],[795230.49,5912902.57],[795233.89,5912906.92],[795235.83,5912909.41],[795238.4,5912912.7],[795252.04,5912930.17],[795253.08,5912931.5],[795254.71,5912933.48],[795257.87,5912937.29],[795259.72,5912938.86],[795306.07,5912992.0],[795328.07,5913016.52],[795337.54,5913027.07],[795355.81,5913046.47],[795372.61,5913061.6],[795375.34,5913063.95],[795477.71,5912913.78],[795489.41,5912904.55],[795508.25,5912902.54],[795529.28,5912900.49],[795566.97,5912905.77],[795597.74,5912907.72],[795613.05,5912911.62],[795626.06,5912918.79],[795653.2,5912959.51],[795656.53,5912970.77],[795665.02,5912993.62],[795666.67,5913000.74],[795668.55,5913004.16],[795671.29,5913007.98],[795677.46,5913023.67],[795680.44,5913027.86],[795685.03,5913034.83],[795693.5,5913043.66],[795698.63,5913049.21],[795706.91,5913054.88],[795716.39,5913063.17],[795724.12,5913067.97],[795737.28,5913073.65],[795749.73,5913075.62],[795763.05,5913073.41],[795775.08,5913069.51],[795783.74,5913065.14],[795788.44,5913061.4],[795791.86,5913058.31],[795795.31,5913049.92],[795796.95,5913046.67],[795798.36,5913041.8],[795800.79,5913040.74],[795804.81,5913041.12],[795814.07,5913046.1],[795818.78,5913048.64],[795819.99,5913051.05],[795820.4,5913060.02],[795821.63,5913072.12],[795822.24,5913083.21],[795824.91,5913096.32],[795828.63,5913104.77],[795829.83,5913111.13],[795835.56,5913119.09],[795839.33,5913123.13],[795842.14,5913125.92],[795843.5,5913130.22],[795845.6,5913134.22],[795849.06,5913137.6],[795853.68,5913141.68],[795862.07,5913151.18],[795866.04,5913157.64],[795870.66,5913163.09],[795875.44,5913169.16],[795879.61,5913176.46],[795882.44,5913180.74],[795887.23,5913184.72],[795894.03,5913190.71],[795895.27,5913191.86],[795896.22,5913192.74],[795897.76,5913193.55],[795899.99,5913192.86],[795905.92,5913175.34],[795910.21,5913164.25],[795914.49,5913162.08],[795917.91,5913160.34],[795921.51,5913158.07],[795923.92,5913153.99],[795930.34,5913155.72],[795934.01,5913157.72],[795941.13,5913167.98],[795947.68,5913174.32],[795949.16,5913176.33],[795950.07,5913177.55],[795953.81,5913180.86],[795965.13,5913202.53],[795976.77,5913218.85],[795980.26,5913225.54],[795999.24,5913245.83],[796006.03,5913255.32],[796012.6,5913264.92],[796023.09,5913275.33],[796027.78,5913282.14],[796029.36,5913289.26],[796033.09,5913295.41],[796034.58,5913305.35],[796037.82,5913311.73],[796046.9,5913321.62],[796054.13,5913326.9],[796059.77,5913328.81],[796065.11,5913339.77],[796073.43,5913357.67],[796070.95,5913376.03],[796044.64,5913419.97],[796035.23,5913430.24],[796022.1,5913448.25],[796021.02,5913449.73],[796017.64,5913459.5],[795984.63,5913457.63],[795962.76,5913451.76],[795950.81,5913448.2],[795941.06,5913446.98],[795934.4,5913448.49],[795919.53,5913447.4],[795907.99,5913445.2],[795891.77,5913442.12],[795884.68,5913440.76],[795878.12,5913439.34],[795871.29,5913438.15],[795860.9,5913434.58],[795853.18,5913433.87],[795826.45,5913423.45],[795822.28,5913423.55],[795817.77,5913425.84],[795807.77,5913434.23],[795797.38,5913444.82],[795787.1,5913448.42],[795770.42,5913460.03],[795764.12,5913466.78],[795756.09,5913479.26],[795750.8,5913493.57],[795745.61,5913506.7],[795740.93,5913517.65],[795732.93,5913526.02],[795724.77,5913533.96],[795721.82,5913541.95],[795725.41,5913549.6],[795728.29,5913560.62],[795729.36,5913574.33],[795728.84,5913589.05],[795727.39,5913603.69],[795723.52,5913608.16],[795716.43,5913613.7],[795709.12,5913623.5],[795699.34,5913630.27],[795687.13,5913634.95],[795678.73,5913632.72],[795671.01,5913631.64],[795662.15,5913628.42],[795652.99,5913626.13],[795645.25,5913622.74],[795640.43,5913617.75],[795633.24,5913609.94],[795626.2,5913601.25],[795619.56,5913593.29],[795610.14,5913585.31],[795604.11,5913581.59],[795599.09,5913580.9],[795595.95,5913580.84],[795593.02,5913580.78],[795588.09,5913582.2],[795579.72,5913591.36],[795571.21,5913605.3],[795559.39,5913625.8],[795550.29,5913641.92],[795546.46,5913646.41],[795537.85,5913654.27],[795534.19,5913659.46],[795524.34,5913674.42],[795523.0,5913678.54],[795521.95,5913681.79],[795517.22,5913692.47],[795514.75,5913693.35],[795510.36,5913702.58],[795505.32,5913712.14],[795504.7,5913717.0],[795504.89,5913729.04],[795507.31,5913741.21],[795557.76,5913782.63],[795575.35,5913799.46],[795585.04,5913805.23],[795593.02,5913811.77],[795600.8,5913819.11],[795607.04,5913822.9],[795616.55,5913824.15],[795641.0,5913821.6],[795654.31,5913819.04],[795661.46,5913816.96],[795669.46,5913817.64],[795678.63,5913819.96],[795685.94,5913818.7],[795695.28,5913813.76],[795704.57,5913809.14],[795725.08,5913806.22],[795732.33,5913806.47],[795739.06,5913808.73],[795743.44,5913811.6],[795746.09,5913814.55],[795747.78,5913818.57],[795749.88,5913822.9],[795754.93,5913841.32],[795758.59,5913858.51],[795766.55,5913873.12],[795775.88,5913887.26],[795783.62,5913897.12],[795790.4,5913910.97],[795797.52,5913924.78],[795796.34,5913935.11],[795792.55,5913942.37],[795792.23,5913950.12],[795785.43,5913955.96],[795780.18,5913965.26],[795771.84,5913972.4],[795768.94,5913975.1],[795765.21,5913978.5],[795753.38,5913989.33],[795742.36,5913993.41],[795737.1,5913993.45],[795730.34,5913990.41],[795715.66,5913983.71],[795697.82,5913972.15],[795676.02,5913960.25],[795667.85,5913955.64],[795659.51,5913951.47],[795656.14,5913951.03],[795652.91,5913950.49],[795646.68,5913952.5],[795632.13,5913964.9],[795622.26,5913985.31],[795616.98,5914001.17],[795608.47,5914019.36],[795605.16,5914030.06],[795599.87,5914039.64],[795592.77,5914054.1],[795586.29,5914066.1],[795575.11,5914082.55],[795568.64,5914094.95],[795566.69,5914100.02],[795564.41,5914116.45],[795560.61,5914129.35],[795557.65,5914143.64],[795553.97,5914157.62],[795548.12,5914164.45],[795544.8,5914173.52],[795541.81,5914183.74],[795538.72,5914201.69],[795539.32,5914215.65],[795543.23,5914232.06],[795548.86,5914248.83],[795555.73,5914263.32],[795560.97,5914273.86],[795566.62,5914282.9],[795575.54,5914293.48],[795591.1,5914314.83],[795605.77,5914337.73],[795619.46,5914372.73],[795622.69,5914384.07],[795633.19,5914403.91],[795673.16,5914460.27],[795676.82,5914464.7],[795684.4,5914473.54],[795689.77,5914481.98],[795699.82,5914507.67],[795704.33,5914519.6],[795704.64,5914528.27],[795703.82,5914537.09],[795701.98,5914551.39],[795693.13,5914569.48],[795690.03,5914580.17],[795678.43,5914598.24],[795671.0,5914609.04],[795662.69,5914620.73],[795657.02,5914633.32],[795655.74,5914640.32],[795655.74,5914650.57],[795660.66,5914662.08],[795662.29,5914665.35],[795669.57,5914679.98],[795678.72,5914691.28],[795690.82,5914702.42],[795709.2,5914719.33],[795724.75,5914729.27],[795733.21,5914735.37],[795735.88,5914737.97],[795743.46,5914744.91],[795745.87,5914748.93],[795750.26,5914756.23],[795755.34,5914764.65],[795762.16,5914780.07],[795769.9,5914790.53],[795780.14,5914797.42],[795791.36,5914802.77],[795795.88,5914799.14],[795797.77,5914793.2],[795800.7,5914781.49],[795805.02,5914769.78],[795806.75,5914761.35],[795814.7,5914753.78],[795820.35,5914745.36],[795829.22,5914735.34],[795842.18,5914718.18],[795845.18,5914712.17],[795851.26,5914700.02],[795863.98,5914681.6],[795866.26,5914678.23],[795871.76,5914670.05],[795883.17,5914657.07],[795887.73,5914651.89],[795897.14,5914642.7],[795910.48,5914632.13],[795925.88,5914624.89],[795943.31,5914619.34],[795957.33,5914616.18],[795973.43,5914614.02],[795988.16,5914615.5],[796000.38,5914616.3],[796023.7,5914620.8],[796048.48,5914623.97],[796057.07,5914624.45],[796066.82,5914628.02],[796078.56,5914634.5],[796092.73,5914642.23],[796106.36,5914651.34],[796119.02,5914658.38],[796146.11,5914664.84],[796160.32,5914666.71],[796178.83,5914664.89],[796195.8,5914662.06],[796213.1,5914657.8],[796224.81,5914650.94],[796233.98,5914647.63],[796251.44,5914644.53],[796264.02,5914645.03],[796281.47,5914645.23],[796294.11,5914644.51],[796305.37,5914646.38],[796315.16,5914645.46],[796328.22,5914647.35],[796346.94,5914649.5],[796363.66,5914654.97],[796370.1,5914658.6],[796376.0,5914665.78],[796382.52,5914671.18],[796391.04,5914674.61],[796407.44,5914681.25],[796417.3,5914686.21],[796427.81,5914690.85],[796439.5,5914693.59],[796452.56,5914693.05],[796468.66,5914691.64],[796499.89,5914688.46],[796521.64,5914688.15],[796541.13,5914686.57],[796558.04,5914679.31],[796584.56,5914676.08],[796596.9,5914674.16],[796618.1,5914674.67],[796635.99,5914683.4],[796645.13,5914684.37],[796666.08,5914689.3],[796681.02,5914690.74],[796691.61,5914693.25],[796726.43,5914698.09],[796735.13,5914697.83],[796751.74,5914691.04],[796763.05,5914684.79],[796779.96,5914677.53],[796799.67,5914671.93],[796811.63,5914666.75],[796825.3,5914664.77],[796837.36,5914660.13],[796848.7,5914656.93],[796861.15,5914649.32],[796867.39,5914647.81],[796869.95,5914643.27],[796879.55,5914637.84],[796886.94,5914634.03],[796895.86,5914632.89],[796904.71,5914632.81],[796912.64,5914629.68],[796919.86,5914624.71],[796929.34,5914620.25],[796941.43,5914614.59],[796945.19,5914606.48],[796946.93,5914604.99],[796944.06,5914597.88],[796937.43,5914592.5],[796932.63,5914586.55],[796924.66,5914571.41],[796922.78,5914565.39],[796911.28,5914531.27],[796910.26,5914525.72],[796912.24,5914518.02],[796913.21,5914501.97],[796914.26,5914492.91],[796912.4,5914482.49],[796914.65,5914467.58],[796915.81,5914459.32],[796914.48,5914450.06],[796914.12,5914433.9],[796914.09,5914422.16],[796917.9,5914404.46],[796921.28,5914398.25],[796930.51,5914362.36],[796933.1,5914349.98],[796937.94,5914335.33],[796944.04,5914319.72],[796944.03,5914307.0],[796942.3,5914300.86],[796940.8,5914287.96],[796938.82,5914279.51],[796938.33,5914274.55],[796940.3,5914260.42],[796938.7,5914229.85],[796937.93,5914224.32],[796938.13,5914216.72],[796943.13,5914197.83],[796943.78,5914189.21],[796947.75,5914154.25],[796948.0,5914148.94],[796947.58,5914137.25],[796948.17,5914124.04],[796953.54,5914116.38],[796956.82,5914114.3],[796961.03,5914114.26],[796965.0,5914111.76],[796967.17,5914106.71],[796967.88,5914097.91],[796972.99,5914083.99],[796976.78,5914078.17],[796980.27,5914070.08],[796987.17,5914063.9],[796990.27,5914058.49],[797005.13,5914051.48],[797015.47,5914042.89],[797023.73,5914032.58],[797026.82,5914026.03],[797027.74,5914020.55],[797029.28,5914007.51],[797030.53,5914001.17],[797030.85,5913999.58],[797031.19,5913997.77],[797031.82,5913990.32],[797030.58,5913985.22],[797034.22,5913977.54],[797034.92,5913956.63],[797036.15,5913946.42],[797042.98,5913929.46],[797047.2,5913921.89],[797053.58,5913913.05],[797058.49,5913907.99],[797087.18,5913897.49],[797096.19,5913895.01],[797109.15,5913893.58],[797120.31,5913894.81],[797128.54,5913893.09],[797134.88,5913889.7],[797149.78,5913875.39],[797160.32,5913867.33],[797167.81,5913865.7],[797176.39,5913860.45],[797177.95,5913857.32],[797187.06,5913848.62],[797192.76,5913837.29],[797210.45,5913814.41],[797215.46,5913809.7],[797220.73,5913806.22],[797220.61,5913800.36],[797217.84,5913794.58],[797214.16,5913789.05],[797210.76,5913782.98],[797207.73,5913776.46],[797209.13,5913773.83],[797211.78,5913773.84],[797214.08,5913774.38],[797215.19,5913770.62],[797213.29,5913764.57],[797210.56,5913757.38],[797202.39,5913746.93],[797199.19,5913741.11],[797195.38,5913736.5],[797189.66,5913729.58],[797194.81,5913715.59],[797205.01,5913708.24],[797206.96,5913707.4],[797210.02,5913706.08],[797217.11,5913702.91],[797224.39,5913698.55],[797230.58,5913690.4],[797232.77,5913686.19],[797241.9,5913675.8],[797250.43,5913668.73],[797259.1,5913663.9],[797260.49,5913662.96],[797266.89,5913658.67],[797269.29,5913658.6],[797276.81,5913658.38],[797283.86,5913659.43],[797285.66,5913659.79],[797288.27,5913660.56],[797290.19,5913662.13],[797294.94,5913668.1],[797321.17,5913680.58],[797347.84,5913693.26],[797363.08,5913700.5],[797380.26,5913707.49],[797389.8,5913710.01],[797402.14,5913709.78],[797404.41,5913709.74],[797425.24,5913707.62],[797439.27,5913706.02],[797445.21,5913704.83],[797449.82,5913702.27],[797456.33,5913700.86],[797471.26,5913702.68],[797480.16,5913705.79],[797490.3,5913710.51],[797501.17,5913717.68],[797508.09,5913723.88],[797513.5,5913730.3],[797518.73,5913735.69],[797524.46,5913744.73],[797529.61,5913752.31],[797537.61,5913759.53],[797542.36,5913762.11],[797546.14,5913763.9],[797553.94,5913769.25],[797566.2,5913775.75],[797579.6,5913781.86],[797589.82,5913786.73],[797601.58,5913790.22],[797609.83,5913791.94],[797619.5,5913795.55],[797627.4,5913799.68],[797638.75,5913804.7],[797651.25,5913809.87],[797664.24,5913813.6],[797675.14,5913814.07],[797685.87,5913813.66],[797688.98,5913811.83],[797699.96,5913808.43],[797714.6,5913805.89],[797725.04,5913805.04],[797738.64,5913804.51],[797750.76,5913804.48],[797761.56,5913805.24],[797771.98,5913808.83],[797780.18,5913811.66],[797789.75,5913812.87],[797800.62,5913813.82],[797817.96,5913817.61],[797832.59,5913820.45],[797838.96,5913820.94],[797851.35,5913825.99],[797860.43,5913829.83],[797870.25,5913831.52],[797886.99,5913834.09],[797900.92,5913836.3],[797913.99,5913839.65],[797934.43,5913844.48],[797971.82,5913853.83],[797987.89,5913857.75],[798014.55,5913860.26],[798032.87,5913862.95],[798039.16,5913864.82],[798086.71,5913895.43],[798114.5,5913899.62],[798131.49,5913904.51],[798142.98,5913910.2],[798169.13,5913922.1],[798200.72,5913931.16],[798207.3,5913935.37],[798220.64,5913942.15],[798236.54,5913947.96],[798242.83,5913949.46],[798252.11,5913950.42],[798271.18,5913956.45],[798290.05,5913963.78],[798301.2,5913970.12],[798302.91,5913970.89],[798316.69,5913977.16],[798329.52,5913983.86],[798338.74,5913987.43],[798364.74,5914000.84],[798368.64,5914004.08],[798376.57,5914012.06],[798390.97,5914029.97],[798398.56,5914038.42],[798405.62,5914043.09],[798416.05,5914048.7],[798427.83,5914042.54],[798434.15,5914037.97],[798440.02,5914035.55],[798451.83,5914028.87],[798462.01,5914025.41],[798475.14,5914023.54],[798485.82,5914022.91],[798497.02,5914021.57],[798505.07,5914019.29],[798514.72,5914019.16],[798522.32,5914018.12],[798530.26,5914019.06],[798540.22,5914020.93],[798565.52,5914025.67],[798599.93,5914027.5],[798620.57,5914023.5],[798640.96,5914021.28],[798677.62,5914028.03],[798697.19,5914031.76],[798719.15,5914033.7],[798738.84,5914032.42],[798755.67,5914033.9],[798776.68,5914038.27],[798793.19,5914048.25],[798834.44,5914100.01],[798849.34,5914116.59],[798862.14,5914125.59],[798890.34,5914133.42],[798901.69,5914132.22],[798925.32,5914136.7],[798927.68,5914137.15],[798931.72,5914137.92],[798934.63,5914140.28],[798950.12,5914152.87],[798953.21,5914158.33],[798957.92,5914175.39],[798954.95,5914196.01],[798951.61,5914207.55],[798939.08,5914227.63],[798933.99,5914239.65],[798937.86,5914251.48],[798946.72,5914262.89],[798959.57,5914277.73],[798977.0,5914291.68],[798987.42,5914302.37],[799011.47,5914316.34],[799022.75,5914328.28],[799034.66,5914338.53],[799041.73,5914350.87],[799047.43,5914375.16],[799050.24,5914397.99],[799054.55,5914422.95],[799056.62,5914441.23],[799057.69,5914452.55],[799071.24,5914488.29],[799075.67,5914504.49],[799076.51,5914525.12],[799063.17,5914551.37],[799099.47,5914581.67],[799137.95,5914613.79],[799156.9,5914629.61],[799234.22,5914694.15],[799238.56,5914697.77],[799248.31,5914707.99],[799266.13,5914723.64],[799275.33,5914735.33],[799279.34,5914743.75],[799283.6,5914752.7],[799287.34,5914763.76],[799290.35,5914781.94],[799292.74,5914796.41],[799301.61,5914811.14],[799317.71,5914843.87],[799321.07,5914851.79],[799323.8,5914858.24],[799328.53,5914877.85],[799335.97,5914895.1],[799337.08,5914897.69],[799341.39,5914919.43],[799340.06,5914944.84],[799344.45,5914971.86],[799340.48,5914993.71],[799378.12,5914997.02],[799405.93,5915002.02],[799432.91,5915044.19],[799449.76,5915070.05],[799470.41,5915096.87],[799485.79,5915118.4],[799502.2,5915143.35],[799535.45,5915183.96],[799549.31,5915203.15],[799569.74,5915232.9],[799580.15,5915244.42],[799597.58,5915265.77],[799606.25,5915283.97],[799606.52,5915294.07],[799612.78,5915292.77],[799621.7,5915298.51],[799622.1,5915321.53],[799623.27,5915335.46],[799621.66,5915351.82],[799613.88,5915376.56],[799615.56,5915396.64],[799614.3,5915402.59],[799599.96,5915435.87],[799592.65,5915462.34],[799583.04,5915495.43],[799579.21,5915510.73],[799573.73,5915534.64],[799564.26,5915568.48],[799566.61,5915585.7],[799558.8,5915603.49],[799550.96,5915625.93],[799543.98,5915661.57],[799538.23,5915665.26],[799524.75,5915679.8],[799524.64,5915689.92],[799533.9,5915716.73],[799531.3,5915731.51],[799531.76,5915745.71],[799525.6,5915756.06],[799513.03,5915767.01],[799520.77,5915788.94],[799538.36,5915841.39],[799564.59,5915860.23],[799584.37,5915885.47],[799582.07,5915886.42],[799585.66,5915896.75],[799588.72,5915905.85],[799594.06,5915917.33],[799599.58,5915938.14],[799608.04,5915958.68],[799610.45,5915964.95],[799617.74,5915986.76],[799630.8,5916017.77],[799633.56,5916022.93],[799642.64,5916050.63],[799656.22,5916099.49],[799666.14,5916127.63],[799671.45,5916136.09],[799708.45,5916198.01],[799706.96,5916198.59],[799699.82,5916201.38],[799699.51,5916208.89],[799704.39,5916219.14],[799714.13,5916249.74],[799715.45,5916261.17],[799724.87,5916274.36],[799726.17,5916285.59],[799733.62,5916298.19],[799744.77,5916305.53],[799779.3,5916367.14],[799785.39,5916398.99],[799799.14,5916421.84],[799817.84,5916461.66],[799839.05,5916519.89],[799863.77,5916561.66],[799875.86,5916573.19],[799890.71,5916587.24],[799909.19,5916602.46],[799927.99,5916613.81],[799936.83,5916616.02],[799939.62,5916616.71],[799960.89,5916648.86],[799976.69,5916676.76],[799997.81,5916719.63],[800035.37,5916793.51],[800056.88,5916835.3],[800058.37,5916838.34],[800069.75,5916857.71],[800068.43,5916859.48],[800069.07,5916864.35],[800079.38,5916879.2],[800095.24,5916898.96],[800112.44,5916924.3],[800119.86,5916933.92],[800131.81,5916936.11],[800149.57,5916943.69],[800156.41,5916943.95],[800165.84,5916967.44],[800169.69,5916994.17],[800164.19,5917021.1],[800162.96,5917039.04],[800160.0,5917058.67],[800157.46,5917071.65],[800155.2,5917083.5],[800149.5,5917098.52],[800138.17,5917116.95],[800125.78,5917142.14],[800105.51,5917160.38],[800087.66,5917174.05],[800059.62,5917191.28],[800051.06,5917202.16],[800040.72,5917221.1],[800036.14,5917243.62],[800037.25,5917257.76],[800041.16,5917275.7],[800046.2,5917296.92],[800050.98,5917310.36],[800058.89,5917324.65],[800067.1,5917329.88],[800079.41,5917347.56],[800087.26,5917355.12],[800088.38,5917365.32],[800089.31,5917373.71],[800082.06,5917380.57],[800070.66,5917377.7],[800059.8,5917370.1],[800048.99,5917362.25],[800040.26,5917353.54],[800033.46,5917360.76],[800025.67,5917368.23],[800021.89,5917377.0],[800013.68,5917384.86],[799981.62,5917437.5],[799968.51,5917451.32],[799962.25,5917459.26],[799948.4,5917477.93],[799931.28,5917510.75],[799924.07,5917533.32],[799922.58,5917542.25],[799918.56,5917557.0],[799910.52,5917584.97],[799906.96,5917599.52],[799885.82,5917625.15],[799871.36,5917646.38],[799850.18,5917683.94],[799841.81,5917694.31],[799828.5,5917714.1],[799816.08,5917730.12],[799811.5,5917735.51],[799806.35,5917745.66],[799785.09,5917779.66],[799780.57,5917802.87],[799773.58,5917825.14],[799771.19,5917851.6],[799769.68,5917876.83],[799769.12,5917914.27],[799756.82,5917936.49],[799750.44,5917961.94],[799751.25,5918006.74],[799756.14,5918024.22],[799785.52,5918065.55],[799801.04,5918081.33],[799783.35,5918110.01],[799784.41,5918138.18],[799785.96,5918154.09],[799787.22,5918160.17],[799788.41,5918164.72],[799801.76,5918160.81],[799817.4,5918158.28],[799834.94,5918154.11],[799846.92,5918149.96],[799861.87,5918144.72],[799875.01,5918140.25],[799895.59,5918136.01],[799909.63,5918132.81],[799922.98,5918125.84],[799935.55,5918116.39],[799944.98,5918103.73],[799952.59,5918085.86],[799960.35,5918072.46],[799966.66,5918057.84],[799966.44,5918040.61],[799965.63,5918032.11],[799963.47,5918013.23],[799963.2,5917994.32],[799962.19,5917980.62],[799953.66,5917962.69],[799949.12,5917949.52],[799949.95,5917933.55],[799952.04,5917924.01],[799960.37,5917911.05],[799964.12,5917908.57],[799975.85,5917901.92],[799985.35,5917895.27],[799999.73,5917886.05],[800009.05,5917880.12],[800019.63,5917867.95],[800028.55,5917857.3],[800041.94,5917840.04],[800050.87,5917833.04],[800070.3,5917823.07],[800077.68,5917819.46],[800101.28,5917801.76],[800113.78,5917785.7],[800124.99,5917770.2],[800155.37,5917742.03],[800174.45,5917724.5],[800194.37,5917696.95],[800214.93,5917650.52],[800228.62,5917622.74],[800232.39,5917599.14],[800238.77,5917584.45],[800252.63,5917554.41],[800264.01,5917544.53],[800273.84,5917527.46],[800280.08,5917510.98],[800294.48,5917476.4],[800301.75,5917455.14],[800312.85,5917437.84],[800324.18,5917415.27],[800327.72,5917403.13],[800332.71,5917382.5],[800336.57,5917370.59],[800343.2,5917352.49],[800351.09,5917335.11],[800361.59,5917313.2],[800372.96,5917288.6],[800376.62,5917279.91],[800385.27,5917259.35],[800391.9,5917236.63],[800394.63,5917213.24],[800394.49,5917209.72],[800392.75,5917186.26],[800387.61,5917163.38],[800382.36,5917140.05],[800379.35,5917124.85],[800374.65,5917108.27],[800373.22,5917102.97],[800387.5,5917106.17],[800393.28,5917105.56],[800403.03,5917106.35],[800412.09,5917108.05],[800428.77,5917112.86],[800452.31,5917124.01],[800467.64,5917128.51],[800498.38,5917132.79],[800505.69,5917134.44],[800513.64,5917136.22],[800556.34,5917147.9],[800574.9,5917154.07],[800607.34,5917153.27],[800620.19,5917153.94],[800648.83,5917160.91],[800776.68,5917158.61],[800823.45,5917167.57],[800853.3,5917181.88],[800934.3,5917220.72],[800984.12,5917242.78],[800990.19,5917245.05],[800999.93,5917248.7],[801009.75,5917251.25],[801053.39,5917250.44],[801067.15,5917250.94],[801074.71,5917254.35],[801083.09,5917261.47],[801091.12,5917268.29],[801121.91,5917288.06],[801145.75,5917306.72],[801149.28,5917301.68],[801183.73,5917336.89],[801216.54,5917372.7],[801252.0,5917411.65],[801244.61,5917448.35],[801235.77,5917492.25],[801216.58,5917619.73],[801215.81,5917624.85],[801207.75,5917679.36],[801196.83,5917744.76],[801190.81,5917775.25],[801182.77,5917825.8],[801178.2,5917854.54],[801176.65,5917861.08],[801165.12,5917911.07],[801163.63,5917919.62],[801151.65,5917988.03],[801146.22,5918045.52],[801142.38,5918076.69],[801136.68,5918106.05],[801132.0,5918122.09],[801108.24,5918203.57],[801107.18,5918207.76],[801104.12,5918214.22],[801094.58,5918255.95],[801090.77,5918274.33],[801088.74,5918281.81],[801082.19,5918305.93],[801075.04,5918340.56],[801068.91,5918385.13],[801065.15,5918400.58],[801061.15,5918416.22],[801058.72,5918425.74],[801043.51,5918525.0],[801038.34,5918578.8],[801026.8,5918616.13],[801016.16,5918653.64],[801015.45,5918656.15],[801014.88,5918659.11],[801014.1,5918663.11],[800995.32,5918703.86],[800987.72,5918746.68],[800988.93,5918806.55],[800979.27,5918864.14],[800978.6,5918897.59],[800989.77,5918919.91],[801049.75,5918979.54],[801073.05,5918997.33],[801099.38,5919051.44],[801086.14,5919061.6],[801031.47,5919068.43],[801017.17,5919076.75],[800981.37,5919122.41],[800968.91,5919144.62],[800950.0,5919211.28],[800931.48,5919234.23],[800917.06,5919260.53],[800838.65,5919373.22],[800835.83,5919396.59],[800840.24,5919422.67],[800843.84,5919492.7],[800841.56,5919530.73],[800841.08,5919619.42],[800852.32,5919684.11],[800872.28,5919743.25],[800908.47,5919785.21],[800951.23,5919805.52],[801023.31,5919831.45],[801062.63,5919858.28],[801091.51,5919836.5],[801107.32,5919802.86],[801116.03,5919825.94],[801123.05,5919851.21],[801127.68,5919903.09],[801119.42,5920014.23],[801129.51,5920084.3],[801131.54,5920098.39],[801140.45,5920160.16],[801147.23,5920207.21],[801160.9,5920302.11],[801171.42,5920375.1],[801172.86,5920385.11],[801180.66,5920439.23],[801187.04,5920483.53],[801188.92,5920534.53],[801188.2,5920538.99],[801179.84,5920591.31],[801172.33,5920638.34],[801165.46,5920679.68],[801161.16,5920705.56],[801132.6,5920864.32],[801111.07,5920870.86],[801097.39,5920875.3],[801076.21,5920884.51],[801073.18,5920883.92],[801061.94,5920885.79],[801027.62,5920890.07],[801008.44,5920894.75],[800993.52,5920897.23],[800978.65,5920899.42],[800953.56,5920905.11],[800942.88,5920906.67],[800924.35,5920910.55],[800906.31,5920913.94],[800868.4,5920918.69],[800844.33,5920923.9],[800827.01,5920926.2],[800802.89,5920926.05],[800786.15,5920929.97],[800771.81,5920932.11],[800747.1,5920932.85],[800723.16,5920934.28],[800706.47,5920935.44],[800688.67,5920939.68],[800671.58,5920944.09],[800654.82,5920947.17],[800642.6,5920948.34],[800629.99,5920948.56],[800613.76,5920950.22],[800585.32,5920950.54],[800552.44,5920949.49],[800567.82,5920994.21],[800581.04,5921032.34],[800601.26,5921091.75],[800604.43,5921100.88],[800638.33,5921198.67],[800644.33,5921216.19],[800654.07,5921244.65],[800656.46,5921251.61],[800657.64,5921255.07],[800679.08,5921317.56],[800684.89,5921334.47],[800697.03,5921369.74],[800727.86,5921459.38],[800752.7,5921530.85],[800765.9,5921569.65],[800767.95,5921575.69],[800780.43,5921611.78],[800792.94,5921647.92],[800802.18,5921674.65],[800808.68,5921693.46],[800815.04,5921711.83],[800823.49,5921736.55],[800836.05,5921773.24],[800836.74,5921775.25],[800846.9,5921804.69],[800855.92,5921830.8],[800861.4,5921846.68],[800865.57,5921858.82],[800875.46,5921887.6],[800885.15,5921915.81],[800885.93,5921918.08],[800893.01,5921938.58],[800903.62,5921969.32],[800908.02,5921982.06],[800914.46,5922000.74],[800915.78,5922004.55],[800932.99,5922054.4],[800953.17,5922112.91],[800965.38,5922148.3],[800975.08,5922197.01],[800987.87,5922251.77],[800996.07,5922286.87],[800992.07,5922308.44],[800989.23,5922323.84],[800988.26,5922329.08],[800996.7,5922351.15],[801002.18,5922365.45],[801008.26,5922381.35],[801010.48,5922387.15],[801012.45,5922395.25],[801015.25,5922406.81],[801021.36,5922431.98],[801022.95,5922438.51],[801026.01,5922451.1],[801029.74,5922466.47],[801030.65,5922481.03],[801031.6,5922496.28],[801034.75,5922514.05],[801037.78,5922531.18],[801038.25,5922533.81],[801040.69,5922568.61],[801042.66,5922596.56],[801047.25,5922621.88],[801048.72,5922629.95],[801055.58,5922657.92],[801059.42,5922676.15],[801112.4,5922679.35],[801125.0,5922671.92],[801147.54,5922659.67],[801172.19,5922652.63],[801204.33,5922643.45],[801236.95,5922631.07],[801300.21,5922585.2],[801323.09,5922571.59],[801337.56,5922564.04],[801344.09,5922560.64],[801348.66,5922558.25],[801349.89,5922557.61],[801391.33,5922533.17],[801460.43,5922487.96],[801492.91,5922466.71],[801568.82,5922416.68],[801572.1,5922414.51],[801589.57,5922402.99],[801605.12,5922390.74],[801620.62,5922378.53],[801623.19,5922383.36],[801625.76,5922388.21],[801629.94,5922388.8],[801750.29,5922393.08],[801827.57,5922390.36],[801956.69,5922388.46],[802113.97,5922390.66],[802128.53,5922388.69],[802150.66,5922388.21],[802150.89,5922388.2],[802196.37,5922387.21],[802227.82,5922385.5],[802236.76,5922385.02],[802241.55,5922384.76],[802245.43,5922384.54],[802247.67,5922394.26],[802273.38,5922506.11],[802286.47,5922566.76],[802291.2,5922588.69],[802328.35,5922694.85],[802334.28,5922711.81],[802415.24,5922996.53],[802414.65,5923022.72],[802419.68,5923086.9],[802424.33,5923099.8],[802424.24,5923118.37],[802406.27,5923142.52],[802407.27,5923146.51],[802420.37,5923194.03],[802431.37,5923217.34],[802455.28,5923258.1],[802473.34,5923293.82],[802478.23,5923312.83],[802483.01,5923324.15],[802498.17,5923345.09],[802520.35,5923363.47],[802522.84,5923364.49],[802608.59,5923444.77],[802614.42,5923451.68],[802653.58,5923484.67],[802700.73,5923526.81],[802706.04,5923529.81],[802711.24,5923532.74],[802777.74,5923588.19],[802805.37,5923612.89],[802866.54,5923666.51],[802903.13,5923704.1],[802922.13,5923722.94],[802945.45,5923745.35],[802977.81,5923774.41],[803001.53,5923768.53],[803004.85,5923770.5],[802999.92,5923815.91],[803004.04,5923828.9],[803016.21,5923847.83],[803024.95,5923935.29],[803024.28,5923975.96],[803024.45,5923995.99],[803022.5,5924060.43],[803025.19,5924079.29],[803025.52,5924092.61],[803026.83,5924144.14],[803021.47,5924158.39],[802997.71,5924182.62],[802993.73,5924186.41],[802993.36,5924186.76],[802983.6,5924196.05],[802952.6,5924190.36],[802910.84,5924182.69],[802908.24,5924182.21],[802866.9,5924183.22],[802817.53,5924184.42],[802775.27,5924185.45],[802757.7,5924186.03],[802702.7,5924187.85],[802685.28,5924188.43],[802645.4,5924201.97],[802624.8,5924218.45],[802611.57,5924229.02],[802604.38,5924234.73],[802586.86,5924248.78],[802575.9,5924272.7],[802566.15,5924312.04],[802565.3,5924315.45],[802571.87,5924346.14],[802575.34,5924359.86],[802585.0,5924367.07],[802611.0,5924386.49],[802665.55,5924373.52],[802665.35,5924355.64],[802689.49,5924355.59],[802690.77,5924356.17],[802709.26,5924364.54],[802723.82,5924371.21],[802741.57,5924384.43],[802756.08,5924414.38],[802763.74,5924445.04],[802763.77,5924474.94],[802781.59,5924496.12],[802794.74,5924505.95],[802817.55,5924525.42],[802814.62,5924572.47],[802819.12,5924604.62],[802812.56,5924666.0],[802788.41,5924733.07],[802791.57,5924745.85],[802801.57,5924767.84],[802832.1,5924807.89],[802846.36,5924831.4],[802855.65,5924868.41],[802864.73,5924892.21],[802875.9,5924903.43],[802906.28,5924918.34],[802918.41,5924951.23],[802896.31,5924995.39],[802855.86,5925064.26],[802849.64,5925091.01],[802848.44,5925111.59],[802854.61,5925130.79],[802860.78,5925149.98],[802865.59,5925159.25],[802862.66,5925170.7],[802862.17,5925177.88],[802821.97,5925238.49],[802815.64,5925268.74],[802820.7,5925304.86],[802852.6,5925329.34],[802870.07,5925348.27],[802881.17,5925365.78],[802881.66,5925366.55],[802889.92,5925394.0],[802896.51,5925421.96],[802916.45,5925439.08],[802928.77,5925457.02],[802933.35,5925473.1],[802931.85,5925493.07],[802920.64,5925523.9],[802902.02,5925549.25],[802891.95,5925553.56],[802884.48,5925560.08],[802867.23,5925576.24],[802838.5,5925578.79],[802808.09,5925606.55],[802764.48,5925597.42],[802695.69,5925615.83],[802633.89,5925619.67],[802620.09,5925618.75],[802589.53,5925609.24],[802571.23,5925606.74],[802541.16,5925604.95],[802519.12,5925615.51],[802484.5,5925620.6],[802469.03,5925602.14],[802461.5,5925579.9],[802431.48,5925553.09],[802411.28,5925545.41],[802387.39,5925551.41],[802374.41,5925554.63],[802345.34,5925558.79],[802305.06,5925569.25],[802272.35,5925596.86],[802256.97,5925625.56],[802246.16,5925650.54],[802245.25,5925662.48],[802244.38,5925675.07],[802238.1,5925699.47],[802233.53,5925717.31],[802200.01,5925759.95],[802198.45,5925778.43],[802199.6,5925799.71],[802208.12,5925813.16],[802218.34,5925829.29],[802223.9,5925851.25],[802227.56,5925863.96],[802233.8,5925873.44],[802284.25,5925893.81],[802293.24,5925902.49],[802312.8,5925911.69],[802337.43,5925930.52],[802346.82,5925932.84],[802365.32,5925943.99],[802384.54,5925945.1],[802398.21,5925937.42],[802425.42,5925914.28],[802433.59,5925916.32],[802429.17,5925956.25],[802421.41,5925971.73],[802404.49,5925986.5],[802392.84,5926007.53],[802390.09,5926021.21],[802390.17,5926043.96],[802398.06,5926064.33],[802413.84,5926089.0],[802431.99,5926123.01],[802432.3,5926139.08],[802425.64,5926185.28],[802418.41,5926225.06],[802416.29,5926250.02],[802414.5,5926272.68],[802426.63,5926306.58],[802451.53,5926339.0],[802455.88,5926343.79],[802460.28,5926347.94],[802477.79,5926361.96],[802502.04,5926367.93],[802538.15,5926381.35],[802568.79,5926387.53],[802595.29,5926394.8],[802608.86,5926408.47],[802632.94,5926420.05],[802673.77,5926453.46],[802717.84,5926459.33],[802766.09,5926466.7],[802788.72,5926473.84],[802824.92,5926498.78],[802847.24,5926516.59],[802884.12,5926562.48],[802897.06,5926578.57],[802901.37,5926586.01],[802937.94,5926591.66],[803009.3,5926562.0],[803051.26,5926526.98],[803063.82,5926516.5],[803089.96,5926451.51],[803125.37,5926436.65],[803142.43,5926498.45],[803162.65,5926518.59],[803181.28,5926537.14],[803253.43,5926522.22],[803281.58,5926522.02],[803325.25,5926533.27],[803346.45,5926592.36],[803344.03,5926604.27],[803348.39,5926614.05],[803362.73,5926646.21],[803362.57,5926659.17],[803393.37,5926684.34],[803431.54,5926727.71],[803436.53,5926734.42],[803435.68,5926749.85],[803451.0,5926765.09],[803464.48,5926784.12],[803479.11,5926815.2],[803485.61,5926828.99],[803523.61,5926844.81],[803561.6,5926864.26],[803564.3,5926865.65],[803605.58,5926850.29],[803615.96,5926846.43],[803631.92,5926822.87],[803652.82,5926818.57],[803678.27,5926826.24],[803709.93,5926845.76],[803729.8,5926868.41],[803742.13,5926886.09],[803747.79,5926897.21],[803744.54,5926908.14],[803662.32,5926940.2],[803653.5,5926990.24],[803659.37,5927015.7],[803654.11,5927041.94],[803658.98,5927058.47],[803660.66,5927088.46],[803679.46,5927117.22],[803700.87,5927174.28],[803730.46,5927196.84],[803755.3,5927230.43],[803766.71,5927252.97],[803776.24,5927257.98],[803814.27,5927277.97],[803816.28,5927279.37],[803817.45,5927280.19],[803817.64,5927283.33],[803818.02,5927289.56],[803818.37,5927293.32],[803814.95,5927301.77],[803805.66,5927313.66],[803807.44,5927325.01],[803809.95,5927334.73],[803815.29,5927344.76],[803823.44,5927356.94],[803845.38,5927379.42],[803861.73,5927391.83],[803870.67,5927396.93],[803882.95,5927399.97],[803896.26,5927404.46],[803911.22,5927409.45],[803935.16,5927417.6],[803952.64,5927418.75],[803962.58,5927417.61],[803976.6,5927411.32],[803994.79,5927402.23],[803999.89,5927400.59],[804007.28,5927399.12],[804025.61,5927395.5],[804032.53,5927394.04],[804033.7,5927392.26],[804040.05,5927392.61],[804046.75,5927392.97],[804080.01,5927391.62],[804124.85,5927395.47],[804177.74,5927397.76],[804241.49,5927411.92],[804281.91,5927404.16],[804340.95,5927385.07],[804380.96,5927401.08],[804407.67,5927411.77],[804467.79,5927455.16],[804488.21,5927469.91],[804539.56,5927496.81],[804583.11,5927503.8],[804613.69,5927510.79],[804662.84,5927505.51],[804692.89,5927509.41],[804734.88,5927522.36],[804759.1,5927531.79],[804801.96,5927555.83],[804834.47,5927568.41],[804839.47,5927570.0],[804859.25,5927576.26],[804889.24,5927593.31],[804930.23,5927616.61],[804961.02,5927650.22],[804962.62,5927648.82],[804974.84,5927638.01],[804989.41,5927625.11],[805017.41,5927606.68],[805021.71,5927603.7],[805023.78,5927602.26],[805026.15,5927600.61],[805036.82,5927593.2],[805051.86,5927580.11],[805066.96,5927568.04],[805086.4,5927553.04],[805087.09,5927552.51],[805092.74,5927548.15],[805094.79,5927546.56],[805099.79,5927542.71],[805101.98,5927541.02],[805120.78,5927526.51],[805136.05,5927516.58],[805148.61,5927510.75],[805164.24,5927500.59],[805178.86,5927493.08],[805186.63,5927510.15],[805196.38,5927522.86],[805213.8,5927539.32],[805224.52,5927548.49],[805240.49,5927551.37],[805257.68,5927552.52],[805272.39,5927560.46],[805280.44,5927565.36],[805287.36,5927571.98],[805297.48,5927577.8],[805304.02,5927582.43],[805304.07,5927582.46],[805307.49,5927585.89],[805311.31,5927589.7],[805322.41,5927593.04],[805335.87,5927594.38],[805347.21,5927593.48],[805360.06,5927593.16],[805371.19,5927597.94],[805377.45,5927603.09],[805382.84,5927610.44],[805388.38,5927620.61],[805394.33,5927625.83],[805397.54,5927630.84],[805398.54,5927645.82],[805395.62,5927665.4],[805399.17,5927680.54],[805403.19,5927700.25],[805412.43,5927715.0],[805414.08,5927723.98],[805407.9,5927741.81],[805402.98,5927754.63],[805401.73,5927773.91],[805419.94,5927790.31],[805433.26,5927794.16],[805454.45,5927797.09],[805461.48,5927796.47],[805468.78,5927801.76],[805481.06,5927805.56],[805489.74,5927811.93],[805527.91,5927821.12],[805547.05,5927825.72],[805594.94,5927821.0],[805635.48,5927817.97],[805676.45,5927810.95],[805718.91,5927806.91],[805753.75,5927809.71],[805796.69,5927816.5],[805845.1,5927841.27],[805875.11,5927857.91],[805885.6,5927865.72],[805924.86,5927871.64],[805946.15,5927881.99],[805995.46,5927905.96],[806027.7,5927904.06],[806063.29,5927891.43],[806090.1,5927902.91],[806088.0,5927920.19],[806095.04,5927999.38],[806111.73,5928075.07],[806144.27,5928105.93],[806193.35,5928143.49],[806234.2,5928148.25],[806252.49,5928162.7],[806266.84,5928167.16],[806267.37,5928167.32],[806272.49,5928168.91],[806277.7,5928170.53],[806325.36,5928209.28],[806333.43,5928215.85],[806347.42,5928227.22],[806349.24,5928228.71],[806352.02,5928230.96],[806378.45,5928231.0],[806396.81,5928231.02],[806476.31,5928231.11],[806488.93,5928232.85],[806539.2,5928226.19],[806553.39,5928230.07],[806607.4,5928244.84],[806632.28,5928251.65],[806720.18,5928232.94],[806720.83,5928232.8],[806798.21,5928216.33],[806839.67,5928223.23],[806864.18,5928223.46],[806886.04,5928210.14],[806934.71,5928173.02],[806971.66,5928118.48],[807021.3,5928018.82],[807058.86,5927910.8],[807060.0,5927875.41],[807066.94,5927833.36],[807072.71,5927806.44],[807097.9,5927779.97],[807111.03,5927766.17],[807112.94,5927764.16],[807113.34,5927758.51],[807114.65,5927738.83],[807115.93,5927719.6],[807116.63,5927708.82],[807115.17,5927702.83],[807112.42,5927699.41],[807116.35,5927695.45],[807121.0,5927690.76],[807150.0,5927674.46],[807170.38,5927671.29],[807177.07,5927670.25],[807191.07,5927660.27],[807199.03,5927655.4],[807204.22,5927655.23],[807208.72,5927660.26],[807239.24,5927699.89],[807241.59,5927702.96],[807243.46,5927705.38],[807263.27,5927731.11],[807266.59,5927732.17],[807270.59,5927730.57],[807277.22,5927721.61],[807279.65,5927718.32],[807281.3,5927717.34],[807282.17,5927716.83],[807285.59,5927717.0],[807289.19,5927718.44],[807301.19,5927723.24],[807316.23,5927731.82],[807321.33,5927736.59],[807324.25,5927741.98],[807323.66,5927743.86],[807322.21,5927748.53],[807322.56,5927751.39],[807325.42,5927752.93],[807330.73,5927753.31],[807334.13,5927753.54],[807338.17,5927753.83],[807345.21,5927754.32],[807347.61,5927755.5],[807354.25,5927759.9],[807350.78,5927770.16],[807350.37,5927773.23],[807349.87,5927776.93],[807352.17,5927781.22],[807356.36,5927789.54],[807362.73,5927798.4],[807368.41,5927807.26],[807377.7,5927825.03],[807381.36,5927828.11],[807394.39,5927831.58],[807404.81,5927839.41],[807416.1,5927846.27],[807419.59,5927851.78],[807415.89,5927858.84],[807408.8,5927872.38],[807405.87,5927892.14],[807403.82,5927905.91],[807408.02,5927918.62],[807404.28,5927925.03],[807398.09,5927929.21],[807394.37,5927935.12],[807393.94,5927939.82],[807396.79,5927944.92],[807408.57,5927956.03],[807419.33,5927960.83],[807422.8,5927966.72],[807423.08,5927979.72],[807421.29,5927985.81],[807421.4,5927992.13],[807451.5,5928022.3],[807460.68,5928035.51],[807458.46,5928059.76],[807460.13,5928064.75],[807471.65,5928074.1],[807480.57,5928082.89],[807486.34,5928092.1],[807487.42,5928100.13],[807488.5,5928108.23],[807491.46,5928115.21],[807509.18,5928127.18],[807515.47,5928136.42],[807519.33,5928149.54],[807519.89,5928173.21],[807524.33,5928186.56],[807522.86,5928198.69],[807505.31,5928208.48],[807474.12,5928243.01],[807493.2,5928260.37],[807517.68,5928311.18],[807546.56,5928377.62],[807565.78,5928407.64],[807578.18,5928436.2],[807606.84,5928482.86],[807628.3,5928526.0],[807648.13,5928563.36],[807675.89,5928637.17],[807692.14,5928661.17],[807701.73,5928683.92],[807706.26,5928691.78],[807723.33,5928721.41],[807736.46,5928739.2],[807745.13,5928764.41],[807764.26,5928789.8],[807783.59,5928836.34],[807786.15,5928864.55],[807786.3,5928864.71],[807807.73,5928887.32],[807811.63,5928899.6],[807833.46,5928968.99],[807835.6,5929008.22],[807823.89,5929024.38],[807833.13,5929040.11],[807850.92,5929045.91],[807877.22,5929076.12],[807876.53,5929093.93],[807880.71,5929099.8],[807880.9,5929099.9],[807897.47,5929108.33],[807899.01,5929142.04],[807887.34,5929154.94],[807897.16,5929172.87],[807892.12,5929192.97],[807893.87,5929201.61],[807912.4,5929230.92],[807923.12,5929235.73],[807934.57,5929240.87],[807940.46,5929254.3],[807935.32,5929292.95],[807950.92,5929314.95],[807953.22,5929329.78],[807946.81,5929349.04],[807952.31,5929368.53],[807981.81,5929385.83],[807984.63,5929424.86],[807998.33,5929440.42],[807999.45,5929453.71],[807986.39,5929472.11],[807944.44,5929510.43],[807931.22,5929581.34],[807928.45,5929596.19],[807925.17,5929601.1],[807922.33,5929605.34],[807793.79,5929797.51],[807769.42,5929833.68],[807750.54,5929861.93],[807641.57,5930025.03],[807624.88,5930049.53],[807623.67,5930051.32],[807600.66,5930085.14],[807572.33,5930126.88],[807571.44,5930128.35],[807569.97,5930130.78],[807569.12,5930132.06],[807567.61,5930134.33],[807451.66,5930308.13],[807450.82,5930309.55],[807454.65,5930310.09],[807481.5,5930306.6],[807538.96,5930313.58],[807599.58,5930338.77],[807617.54,5930343.98],[807635.36,5930347.39],[807653.42,5930348.82],[807716.95,5930345.72],[807760.27,5930322.1],[807779.24,5930311.87],[807782.08,5930313.9],[807791.66,5930320.75],[807809.28,5930333.36],[807811.69,5930335.08],[807839.98,5930345.68],[807874.66,5930358.67],[807911.22,5930372.37],[807966.53,5930393.09],[807974.06,5930395.52],[808032.02,5930414.27],[808030.85,5930416.77],[808021.45,5930436.88],[808014.68,5930451.6],[808013.38,5930454.28],[807991.83,5930492.65],[807967.68,5930507.94],[807951.36,5930525.58],[807942.59,5930537.09],[807937.06,5930546.31],[807925.45,5930573.7],[807922.43,5930592.65],[807924.56,5930619.07],[807926.4,5930628.81],[807951.91,5930727.33],[807952.56,5930730.48],[807967.02,5930774.76],[807967.35,5930775.77],[807981.05,5930832.23],[807982.71,5930842.45],[807999.64,5930907.24],[808016.38,5930946.86],[808023.18,5930956.89],[808047.04,5930981.32],[808058.29,5930996.79],[808062.54,5931032.3],[807882.16,5931126.03],[807873.61,5931130.47],[807870.71,5931131.99],[807718.71,5931210.99],[807714.31,5931213.25],[807779.6,5931341.96],[807863.35,5931507.07],[807946.41,5931670.83],[807946.07,5931674.45],[807945.42,5931681.52],[807944.73,5931689.03],[807944.32,5931693.53],[807947.05,5931698.76],[808003.95,5931807.24],[808047.98,5931891.22],[808073.32,5931939.54],[808074.86,5931942.46],[808077.38,5931947.21],[808078.65,5931949.58],[808124.29,5932036.59],[808124.55,5932037.08],[808126.23,5932040.27],[808126.96,5932041.57],[808166.37,5932011.9],[808170.11,5932009.08],[808209.39,5931979.51],[808301.81,5931911.53],[808347.71,5931904.49],[808368.44,5931901.31],[808381.67,5931902.79],[808445.55,5931909.95],[808522.93,5931918.64],[808600.07,5931927.41],[808606.11,5931930.84],[808629.14,5931891.32],[808659.38,5931859.27],[808667.05,5931851.15],[808670.72,5931847.26],[808683.06,5931827.48],[808685.07,5931814.55],[808688.41,5931792.97],[808688.53,5931792.24],[808689.58,5931790.1],[808691.19,5931786.82],[808711.53,5931745.47],[808719.87,5931728.57],[808722.35,5931727.07],[808732.06,5931721.18],[808738.77,5931717.1],[808742.05,5931715.12],[808798.64,5931671.87],[808800.94,5931672.0],[808831.23,5931674.09],[808838.82,5931674.61],[808795.21,5931782.06],[808837.47,5931854.45],[808839.62,5931858.12],[808848.05,5931965.55],[808862.09,5932004.63],[808891.98,5932051.02],[808908.99,5932097.03],[808932.36,5932124.42],[808978.06,5932149.49],[809017.45,5932159.36],[809066.0,5932167.72],[809159.83,5932181.85],[809197.48,5932220.74],[809192.63,5932223.07],[809141.6,5932247.54],[809116.94,5932262.04],[809099.22,5932272.46],[809084.62,5932285.84],[809082.42,5932289.52],[809080.11,5932293.37],[809076.03,5932316.06],[809068.41,5932346.32],[809069.29,5932373.72],[809047.12,5932395.42],[809008.47,5932430.54],[808977.05,5932434.64],[808968.13,5932470.66],[808959.33,5932480.82],[808974.69,5932535.62],[808963.07,5932566.23],[808992.52,5932599.82],[808999.89,5932608.23],[809023.46,5932598.22],[809058.97,5932636.63],[809106.37,5932697.69],[809153.24,5932794.11],[809210.1,5932823.92],[809235.34,5932842.44],[809276.34,5932934.0],[809324.48,5932999.93],[809431.25,5933118.95],[809459.02,5933157.26],[809472.24,5933195.92],[809483.63,5933220.59],[809485.96,5933272.25],[809500.31,5933308.25],[809583.77,5933384.94],[809594.45,5933386.0],[809638.26,5933353.95],[809651.06,5933344.54],[809653.86,5933342.56],[809704.19,5933368.31],[809707.58,5933370.05],[809711.55,5933372.08],[809747.74,5933380.59],[809791.73,5933386.57],[809822.48,5933396.97],[809868.21,5933417.26],[809896.2,5933430.77],[809922.18,5933443.31],[810015.14,5933488.18],[810045.83,5933512.19],[810187.05,5933622.64],[810205.65,5933637.19],[810255.93,5933685.72],[810280.15,5933712.12],[810290.34,5933723.23],[810304.67,5933751.53],[810313.18,5933776.68],[810319.42,5933795.1],[810336.76,5933851.0],[810354.91,5933895.86],[810356.11,5933898.83],[810368.03,5933924.64],[810415.25,5934008.59],[810449.39,5934056.59],[810475.83,5934089.99],[810529.22,5934146.17],[810570.53,5934189.66],[810645.3,5934246.94],[810653.14,5934252.94],[810673.77,5934268.75],[810743.45,5934278.12],[810815.81,5934279.68],[810850.25,5934286.48],[810853.03,5934287.03],[810854.18,5934287.51],[810857.08,5934288.71],[810868.69,5934292.85],[810909.59,5934309.52],[810926.07,5934321.88],[810965.69,5934350.08],[810990.26,5934364.88],[810995.46,5934368.01],[811108.68,5934436.22],[811147.92,5934460.11],[811262.66,5934548.57],[811293.35,5934577.7],[811410.82,5934707.9],[811438.07,5934749.49],[811480.96,5934811.99],[811545.73,5934885.98],[811640.97,5934988.25],[811647.59,5934995.36],[811655.93,5935004.94],[811659.39,5935007.57],[811662.91,5935010.26],[811669.29,5935015.14],[811672.19,5935017.36],[811705.95,5935043.17],[811726.51,5935058.06],[811770.36,5935079.92],[811838.28,5935112.13],[811895.5,5935141.42],[811927.07,5935157.4],[811953.79,5935168.95],[812000.09,5935189.29],[812118.01,5935313.16],[812193.38,5935395.25],[812221.0,5935425.83],[812281.68,5935516.88],[812346.29,5935623.74],[812421.34,5935761.43],[812433.8,5935784.3],[812477.22,5935865.63],[812490.26,5935897.55],[812493.37,5935914.07],[812496.84,5935926.11],[812494.64,5935945.58],[812525.94,5935996.14],[812540.83,5936014.95],[812544.77,5936027.66],[812543.83,5936030.82],[812532.63,5936045.47],[812532.47,5936048.2],[812541.9,5936069.05],[812545.83,5936087.39],[812548.44,5936104.36],[812556.86,5936125.2],[812561.05,5936152.71],[812580.18,5936158.35],[812597.69,5936158.08],[812626.32,5936162.51],[812629.51,5936161.25],[812652.5,5936143.78],[812662.62,5936141.75],[812673.97,5936145.39],[812681.7,5936151.29],[812684.59,5936156.37],[812687.68,5936168.5],[812690.78,5936215.83],[812700.97,5936220.75],[812783.31,5936260.47],[812843.69,5936289.55],[812882.69,5936294.39],[812889.15,5936295.35],[812924.6,5936300.41],[812943.34,5936304.23],[812956.24,5936303.41],[812973.07,5936312.2],[812992.06,5936317.29],[813014.69,5936338.33],[813027.43,5936340.19],[813036.76,5936335.8],[813045.62,5936329.1],[813057.25,5936323.85],[813065.05,5936318.79],[813078.44,5936294.64],[813093.71,5936281.48],[813101.3,5936276.26],[813112.11,5936268.83],[813120.75,5936259.67],[813130.09,5936249.61],[813144.18,5936242.9],[813171.52,5936235.29],[813223.13,5936218.38],[813243.68,5936213.1],[813262.96,5936224.76],[813288.63,5936240.57],[813315.2,5936250.93],[813325.12,5936256.58],[813336.47,5936263.16],[813367.99,5936267.66],[813390.72,5936276.39],[813402.1,5936278.44],[813418.62,5936284.95],[813434.03,5936294.67],[813446.35,5936296.34],[813463.82,5936293.19],[813474.18,5936291.33],[813479.15,5936297.56],[813484.72,5936302.72],[813497.99,5936314.61],[813513.46,5936337.66],[813531.92,5936352.76],[813534.85,5936357.26],[813531.68,5936379.21],[813536.58,5936378.45],[813732.31,5936318.54],[813739.11,5936316.65],[813742.12,5936315.81],[813744.69,5936315.07],[813774.06,5936306.57],[813790.05,5936300.82],[813837.84,5936293.08],[813879.51,5936286.9],[813887.23,5936286.29],[813902.0,5936284.95],[813909.78,5936285.39],[813929.07,5936288.56],[813940.9,5936294.45],[813952.02,5936296.91],[813958.96,5936297.79],[813974.9,5936297.37],[813985.83,5936296.92],[813998.39,5936296.61],[814012.01,5936295.89],[814024.2,5936295.03],[814031.36,5936294.0],[814042.78,5936295.44],[814051.56,5936297.27],[814058.09,5936297.16],[814066.12,5936298.76],[814074.18,5936298.77],[814081.83,5936298.77],[814090.49,5936298.41],[814099.85,5936297.67],[814113.39,5936295.08],[814125.41,5936292.55],[814141.16,5936290.16],[814153.85,5936288.77],[814164.03,5936288.01],[814175.89,5936298.44],[814183.96,5936307.17],[814193.24,5936320.54],[814196.77,5936324.53],[814200.03,5936329.11],[814214.15,5936346.95],[814221.62,5936359.56],[814227.63,5936368.18],[814232.23,5936377.58],[814235.01,5936390.49],[814236.36,5936397.92],[814241.5,5936409.85],[814245.75,5936419.23],[814248.25,5936429.06],[814251.92,5936437.32],[814256.83,5936448.39],[814257.59,5936450.36],[814266.35,5936468.8],[814269.12,5936473.69],[814274.15,5936483.01],[814287.53,5936506.72],[814297.3,5936522.81],[814309.46,5936540.81],[814317.91,5936552.73],[814323.88,5936563.04],[814329.2,5936572.31],[814332.73,5936576.1],[814348.88,5936583.69],[814356.95,5936588.29],[814360.06,5936589.13],[814362.29,5936596.69],[814366.88,5936612.24],[814370.46,5936625.32],[814375.93,5936639.46],[814381.18,5936655.31],[814391.77,5936680.41],[814392.76,5936684.07],[814394.86,5936689.05],[814398.46,5936694.09],[814407.9,5936705.42],[814413.01,5936711.56],[814420.97,5936721.58],[814430.19,5936733.19],[814438.22,5936745.24],[814442.04,5936752.16],[814446.59,5936762.97],[814451.01,5936773.22],[814455.8,5936782.76],[814464.38,5936795.67],[814471.83,5936810.23],[814479.68,5936822.32],[814480.06,5936824.17],[814488.71,5936823.33],[814499.64,5936819.33],[814510.26,5936815.05],[814526.03,5936807.83],[814533.14,5936805.09],[814542.67,5936800.99],[814549.95,5936797.41],[814560.98,5936795.14],[814567.18,5936797.7],[814576.45,5936801.52],[814587.31,5936805.65],[814592.74,5936805.46],[814595.41,5936806.26],[814599.42,5936807.5],[814603.9,5936808.53],[814609.46,5936807.76],[814614.58,5936805.45],[814618.86,5936803.63],[814622.86,5936802.18],[814629.03,5936799.64],[814631.84,5936797.67],[814638.91,5936792.14],[814647.66,5936785.28],[814649.03,5936783.84],[814652.93,5936780.53],[814657.14,5936776.43],[814659.62,5936774.36],[814667.19,5936766.68],[814673.81,5936763.12],[814676.58,5936760.77],[814682.1,5936757.71],[814690.61,5936755.32],[814696.85,5936754.29],[814707.56,5936751.77],[814721.45,5936748.7],[814725.52,5936748.67],[814730.05,5936747.53],[814739.44,5936746.12],[814752.05,5936744.04],[814764.08,5936742.71],[814775.67,5936741.57],[814788.14,5936738.87],[814793.49,5936737.13],[814796.12,5936735.9],[814803.87,5936732.05],[814812.85,5936724.36],[814815.2,5936719.44],[814817.24,5936711.01],[814820.21,5936700.95],[814823.63,5936686.88],[814827.35,5936677.52],[814831.69,5936666.27],[814835.52,5936656.71],[814842.74,5936650.7],[814851.09,5936646.44],[814861.53,5936641.84],[814870.62,5936637.96],[814879.07,5936633.62],[814897.16,5936626.06],[814902.1,5936623.47],[814917.1,5936615.45],[814926.82,5936610.21],[814945.91,5936600.61],[814977.67,5936577.64],[814931.78,5936492.38],[814926.64,5936472.9],[814920.25,5936448.69],[814915.18,5936429.49],[814895.39,5936368.95],[814911.58,5936344.87],[814909.94,5936327.41],[814903.6,5936312.82],[814923.56,5936303.37],[814931.98,5936299.44],[814994.73,5936270.2],[815021.14,5936257.89],[815051.95,5936221.68],[815071.8,5936198.34],[815075.72,5936201.8],[815078.4,5936198.68],[815082.37,5936194.06],[815105.43,5936167.23],[815149.1,5936116.41],[815182.85,5936097.86],[815238.17,5936067.43],[815310.31,5936020.37],[815359.46,5935988.29],[815451.67,5935962.22],[815517.68,5935955.89],[815578.61,5935957.89],[815588.52,5935957.97],[815632.23,5935958.31],[815710.48,5935949.21],[815725.89,5935947.42],[815735.36,5935947.1],[815738.11,5935947.01],[815818.4,5935939.13],[815872.96,5935933.78],[815958.28,5935925.4],[815988.92,5935924.25],[816066.84,5935921.33],[816103.1,5935917.94],[816167.39,5935911.93],[816222.77,5935909.83],[816245.96,5935908.13],[816256.16,5935907.38],[816285.0,5935905.25],[816300.49,5935895.94],[816316.91,5935886.08],[816356.49,5935878.58],[816492.81,5935852.75],[816556.58,5935843.66],[816598.18,5935842.66],[816629.98,5935841.9],[816711.12,5935850.78],[816773.41,5935857.6],[816787.2,5935859.11],[816811.74,5935870.51],[816836.78,5935867.63],[816841.02,5935867.14],[816848.69,5935866.26],[816858.88,5935862.39],[816972.85,5935812.19],[817052.39,5935777.16],[817057.8,5935774.78],[817069.32,5935741.07],[817072.57,5935714.42],[817067.64,5935683.96],[817077.17,5935679.64],[817102.09,5935668.33],[817164.72,5935663.32],[817206.18,5935664.93],[817323.71,5935687.36],[817332.82,5935689.74],[817337.08,5935690.86],[817396.85,5935700.47],[817417.39,5935705.19],[817442.39,5935710.94],[817493.36,5935729.14],[817543.27,5935747.3],[817617.73,5935768.2],[817748.92,5935808.02],[817797.24,5935820.7],[817797.76,5935837.01],[817794.92,5935857.67],[817790.75,5935872.14],[817894.6,5935895.69],[818006.84,5935923.62],[818030.78,5935932.05],[818071.62,5935947.01],[818114.31,5935974.86],[818114.46,5935974.96],[818161.6,5936007.93],[818171.52,5936014.87],[818214.61,5936044.85],[818221.34,5936049.54],[818277.41,5936083.99],[818291.18,5936092.46],[818302.98,5936099.67],[818331.2,5936115.73],[818338.98,5936120.15],[818393.07,5936149.03],[818421.99,5936164.48],[818427.24,5936167.28],[818431.64,5936169.66],[818438.5,5936170.45],[818463.39,5936173.31],[818561.15,5936184.53],[818569.15,5936189.82],[818593.76,5936206.07],[818594.5,5936206.56],[818591.1,5936264.44],[818626.27,5936325.62],[818630.05,5936328.92],[818645.86,5936342.54],[818664.42,5936358.28],[818678.48,5936370.64],[818682.29,5936382.2],[818701.32,5936392.15],[818708.01,5936395.65],[818740.64,5936414.31],[818744.33,5936417.66],[818806.91,5936474.67],[818818.39,5936489.03],[818834.54,5936509.24],[818865.34,5936547.72],[818898.85,5936597.51],[818908.22,5936611.42],[818959.33,5936676.41],[818964.76,5936681.3],[819005.03,5936715.85],[819038.13,5936775.34],[819043.98,5936785.85],[819064.02,5936813.73],[819078.14,5936833.35],[819120.34,5936866.97],[819167.28,5936884.11],[819206.49,5936929.36],[819213.86,5936948.37],[819221.7,5936966.17],[819291.33,5937124.35],[819301.2,5937141.65],[819335.63,5937195.69],[819346.95,5937216.7],[819389.44,5937311.65],[819401.13,5937329.17],[819419.61,5937359.65],[819447.67,5937405.74],[819449.82,5937409.05],[819451.97,5937412.38],[819474.67,5937455.0],[819487.7,5937479.46],[819524.11,5937547.11],[819573.93,5937624.39],[819594.73,5937650.1],[819618.97,5937680.08],[819626.43,5937694.67],[819628.17,5937698.07],[819630.91,5937703.42],[819634.58,5937710.6],[819639.17,5937710.9],[819704.96,5937904.58],[819783.01,5938135.8],[819820.7,5938138.76],[819821.62,5938142.77],[819823.1,5938149.27],[819830.52,5938152.92],[819847.43,5938186.96],[819855.37,5938202.93],[819866.06,5938224.64],[819913.23,5938322.45],[819941.41,5938380.89],[819980.1,5938461.13],[819999.56,5938501.47],[820019.39,5938542.64],[820028.49,5938561.52],[820032.96,5938570.76],[820039.0,5938583.24],[820040.14,5938585.61],[820040.53,5938586.42],[820041.31,5938588.02],[820038.25,5938590.96],[820035.94,5938591.93],[820026.17,5938589.51],[820024.6,5938590.71],[820021.83,5938596.84],[820021.17,5938598.29],[820023.57,5938613.53],[820023.3,5938614.53],[820022.9,5938616.04],[820020.91,5938617.17],[820012.04,5938615.53],[819996.93,5938623.43],[819989.78,5938628.37],[819983.8,5938627.24],[819976.43,5938616.02],[819986.22,5938606.4],[819991.97,5938603.42],[819989.3,5938594.96],[819984.75,5938594.86],[819975.66,5938599.13],[819973.54,5938598.85],[819972.21,5938596.79],[819972.71,5938592.12],[819977.85,5938578.99],[819976.66,5938575.14],[819967.14,5938566.27],[819954.17,5938554.16],[819932.96,5938546.76],[819923.45,5938549.46],[819922.25,5938551.3],[819922.14,5938552.5],[819921.9,5938555.16],[819927.23,5938562.67],[819926.98,5938563.6],[819925.09,5938570.71],[819920.11,5938576.21],[819911.33,5938578.11],[819876.26,5938559.49],[819872.16,5938559.05],[819868.33,5938560.75],[819867.18,5938563.93],[819866.63,5938565.46],[819870.47,5938575.67],[819870.69,5938577.3],[819869.21,5938582.21],[819866.8,5938584.67],[819863.15,5938585.19],[819849.52,5938576.04],[819845.39,5938574.26],[819798.78,5938563.57],[819796.75,5938564.02],[819795.67,5938564.76],[819794.26,5938566.1],[819787.19,5938587.48],[819785.42,5938589.78],[819774.07,5938599.69],[819768.44,5938609.05],[819763.3,5938633.32],[819762.63,5938636.5],[819763.3,5938639.17],[819767.29,5938643.76],[819769.68,5938647.14],[819771.11,5938651.64],[819772.89,5938677.16],[819771.67,5938682.4],[819761.3,5938691.41],[819750.37,5938704.75],[819741.29,5938712.35],[819736.25,5938714.33],[819734.55,5938715.0],[819708.88,5938723.37],[819685.06,5938718.81],[819682.05,5938717.18],[819676.63,5938711.07],[819664.92,5938700.35],[819659.43,5938692.97],[819653.61,5938687.52],[819650.98,5938687.15],[819644.21,5938688.29],[819638.09,5938687.89],[819623.31,5938684.48],[819611.75,5938683.29],[819600.21,5938683.4],[819595.51,5938682.3],[819591.49,5938678.86],[819582.12,5938667.88],[819578.27,5938666.3],[819546.71,5938666.67],[819540.77,5938667.38],[819532.44,5938666.33],[819522.94,5938663.82],[819511.42,5938658.73],[819502.45,5938653.23],[819488.75,5938640.9],[819484.92,5938638.53],[819467.12,5938637.04],[819423.3,5938641.78],[819421.12,5938642.2],[819376.78,5938652.08],[819370.83,5938652.5],[819366.88,5938652.71],[819359.45,5938654.27],[819336.8,5938665.0],[819327.73,5938673.7],[819301.25,5938694.22],[819296.85,5938701.09],[819291.65,5938711.49],[819287.76,5938716.83],[819282.54,5938721.35],[819276.05,5938725.19],[819272.32,5938730.68],[819263.36,5938763.02],[819246.89,5938822.06],[819242.73,5938833.0],[819240.49,5938835.47],[819238.11,5938837.09],[819226.31,5938840.1],[819222.73,5938839.28],[819220.43,5938836.85],[819214.79,5938827.07],[819211.46,5938823.73],[819207.42,5938823.45],[819196.8,5938826.75],[819186.28,5938832.51],[819169.23,5938845.81],[819162.51,5938850.81],[819159.28,5938852.37],[819154.99,5938854.42],[819106.39,5938873.29],[819102.03,5938874.72],[819090.34,5938879.49],[819083.24,5938879.26],[819071.38,5938878.55],[819058.02,5938876.47],[819046.19,5938872.47],[819020.54,5938861.05],[819017.73,5938858.14],[819006.85,5938845.68],[818998.94,5938840.06],[818988.45,5938835.58],[818983.14,5938836.99],[818974.63,5938842.2],[818964.54,5938847.26],[818960.56,5938851.52],[818953.69,5938863.08],[818948.98,5938866.51],[818945.34,5938867.6],[818937.19,5938865.18],[818921.99,5938860.92],[818917.91,5938859.79],[818862.87,5938843.95],[818855.4,5938844.0],[818836.53,5938843.1],[818795.47,5938841.16],[818789.81,5938839.55],[818785.39,5938836.58],[818779.45,5938829.94],[818777.23,5938826.66],[818736.12,5938765.38],[818715.97,5938735.63],[818715.16,5938734.45],[818709.53,5938726.82],[818702.87,5938717.85],[818668.63,5938671.32],[818651.45,5938658.66],[818639.97,5938649.8],[818588.54,5938610.08],[818564.73,5938586.11],[818550.09,5938564.37],[818547.75,5938558.75],[818543.97,5938537.1],[818533.38,5938518.35],[818515.41,5938489.56],[818505.76,5938474.41],[818501.43,5938467.55],[818485.68,5938442.69],[818482.61,5938438.0],[818461.43,5938405.23],[818457.27,5938402.15],[818442.12,5938391.86],[818436.03,5938391.35],[818429.11,5938390.77],[818423.83,5938391.87],[818418.49,5938395.21],[818360.15,5938427.79],[818351.8,5938432.39],[818325.84,5938446.93],[818323.47,5938449.1],[818320.1,5938455.35],[818318.27,5938458.76],[818310.55,5938472.52],[818299.56,5938491.96],[818297.85,5938494.88],[818294.13,5938501.0],[818289.56,5938517.61],[818286.33,5938529.06],[818282.01,5938545.09],[818278.82,5938556.7],[818276.94,5938563.58],[818272.56,5938582.13],[818270.64,5938593.56],[818270.35,5938602.04],[818271.86,5938609.75],[818272.86,5938616.36],[818272.8,5938620.13],[818271.33,5938625.31],[818269.38,5938632.13],[818269.72,5938644.36],[818269.75,5938646.63],[818270.58,5938652.86],[818271.01,5938656.06],[818274.27,5938669.28],[818275.25,5938672.31],[818279.63,5938682.38],[818280.39,5938685.78],[818282.3,5938695.68],[818282.53,5938699.38],[818281.38,5938704.74],[818277.18,5938724.24],[818275.66,5938731.14],[818273.65,5938735.46],[818267.93,5938742.68],[818237.4,5938768.88],[818211.02,5938783.67],[818195.85,5938794.0],[818185.46,5938800.95],[818178.57,5938808.14],[818172.1,5938816.84],[818168.86,5938821.3],[818165.32,5938826.07],[818158.84,5938837.65],[818151.01,5938858.38],[818107.54,5938954.17],[818097.47,5938973.52],[818091.71,5938973.87],[818086.76,5938984.81],[818084.85,5938989.06],[818070.22,5939010.02],[818061.73,5939017.74],[818053.25,5939025.46],[818047.3,5939038.81],[818045.51,5939063.57],[818043.25,5939071.37],[818041.11,5939078.77],[818026.02,5939094.67],[817999.29,5939128.07],[817968.7,5939188.25],[817951.71,5939218.26],[817947.41,5939225.77],[817940.63,5939237.61],[817939.2,5939245.0],[817936.17,5939260.73],[817936.95,5939284.8],[817937.83,5939313.6],[817928.72,5939337.03],[817910.09,5939351.15],[817895.91,5939362.47],[817889.29,5939367.76],[817872.9,5939376.01],[817843.7,5939388.72],[817817.42,5939401.5],[817811.87,5939404.2],[817786.75,5939423.47],[817721.48,5939488.49],[817693.53,5939516.33],[817685.68,5939532.04],[817683.52,5939546.82],[817685.33,5939561.13],[817694.12,5939574.83],[817707.94,5939588.35],[817727.95,5939601.19],[817739.36,5939613.5],[817747.36,5939629.44],[817748.8,5939637.84],[817756.59,5939639.73],[817756.69,5939654.92],[817752.0,5939655.68],[817752.32,5939666.92],[817747.42,5939670.1],[817743.44,5939672.68],[817746.03,5939679.51],[817747.47,5939683.32],[817746.22,5939693.5],[817746.56,5939700.5],[817747.08,5939711.0],[817745.82,5939721.08],[817746.99,5939728.4],[817747.41,5939731.03],[817748.16,5939732.99],[817748.75,5939735.42],[817750.1,5939740.92],[817747.3,5939751.08],[817741.73,5939762.43],[817753.54,5939778.97],[817755.04,5939788.47],[817743.87,5939795.58],[817732.96,5939802.51],[817724.37,5939805.81],[817721.49,5939803.69],[817719.87,5939806.04],[817715.34,5939812.63],[817711.14,5939815.38],[817702.09,5939819.75],[817697.09,5939822.21],[817683.75,5939823.0],[817675.41,5939825.27],[817670.9,5939826.02],[817669.07,5939826.11],[817665.55,5939826.28],[817660.27,5939827.83],[817656.87,5939831.0],[817640.19,5939834.02],[817626.35,5939836.15],[817610.8,5939838.75],[817593.59,5939840.67],[817580.07,5939842.21],[817569.25,5939844.45],[817557.79,5939845.29],[817547.56,5939845.77],[817535.05,5939846.27],[817525.21,5939845.36],[817517.67,5939845.44],[817511.94,5939847.12],[817498.81,5939851.28],[817480.99,5939853.87],[817447.77,5939858.05],[817443.67,5939856.39],[817442.55,5939851.09],[817444.3,5939845.23],[817445.07,5939842.63],[817444.81,5939841.72],[817444.58,5939840.89],[817443.3,5939840.84],[817438.01,5939841.55],[817436.44,5939842.3],[817433.12,5939843.9],[817428.59,5939847.14],[817426.97,5939848.65],[817425.04,5939850.46],[817423.48,5939855.08],[817421.65,5939860.5],[817420.63,5939863.54],[817415.55,5939867.81],[817407.04,5939871.21],[817399.63,5939872.02],[817388.82,5939872.05],[817385.8,5939873.46],[817384.48,5939877.28],[817386.77,5939883.21],[817390.47,5939892.8],[817383.85,5939899.26],[817380.36,5939901.28],[817370.61,5939906.16],[817367.48,5939907.38],[817360.66,5939910.06],[817361.97,5939911.62],[817361.94,5939915.03],[817361.86,5939923.67],[817360.5,5939929.72],[817352.66,5939937.89],[817346.02,5939940.51],[817338.08,5939940.68],[817326.51,5939940.48],[817317.38,5939941.76],[817235.4,5939955.05],[817229.51,5939956.13],[817228.51,5939956.31],[817221.22,5939957.65],[817216.98,5939958.42],[817212.49,5939959.25],[817201.38,5939961.28],[817198.33,5939961.84],[817190.18,5939963.33],[817186.45,5939964.01],[817173.17,5939966.44],[817098.58,5939980.07],[817092.23,5939981.23],[817087.73,5939982.05],[817080.91,5939983.14],[817056.44,5939984.04],[817038.93,5939984.68],[817029.13,5939985.43],[817022.91,5939982.63],[817013.92,5939981.35],[817008.76,5939974.31],[817008.59,5939974.07],[816995.22,5939961.34],[816988.57,5939957.29],[816975.19,5939954.83],[816965.95,5939952.54],[816948.77,5939950.56],[816939.03,5939949.43],[816928.35,5939948.2],[816921.27,5939950.83],[816912.53,5939951.89],[816905.82,5939955.24],[816896.21,5939960.06],[816887.48,5939963.52],[816878.69,5939967.0],[816864.99,5939972.94],[816854.55,5939975.88],[816841.82,5939981.43],[816831.98,5939985.2],[816826.06,5939988.29],[816819.27,5939991.82],[816811.04,5939996.11],[816798.07,5940002.87],[816797.73,5940005.58],[816792.14,5940050.41],[816780.49,5940056.44],[816765.69,5940064.21],[816759.32,5940070.96],[816757.76,5940072.4],[816755.02,5940074.95],[816755.67,5940079.19],[816756.73,5940086.16],[816770.84,5940178.47],[816773.25,5940186.9],[816777.34,5940187.66],[816781.55,5940203.63],[816782.02,5940205.44],[816793.55,5940255.37],[816801.69,5940270.68],[816799.28,5940273.88],[816796.71,5940277.27],[816791.85,5940276.46],[816744.96,5940268.67],[816741.14,5940325.15],[816763.23,5940419.61],[816767.0,5940435.73],[816766.62,5940443.27],[816777.48,5940485.6],[816776.17,5940556.92],[816780.12,5940583.61],[816784.87,5940660.49],[816793.7,5940711.31],[816796.58,5940727.7],[816797.93,5940735.38],[816798.9,5940741.33],[816799.84,5940746.26],[816801.25,5940754.26],[816802.32,5940760.45],[816804.93,5940775.45],[816812.31,5940817.92],[816815.96,5940838.92],[816816.85,5940844.06],[816818.97,5940856.02],[816818.37,5940902.05],[816818.08,5940923.33],[816817.7,5940952.68],[816804.63,5940967.35],[816788.91,5940985.0],[816792.36,5941011.9],[816810.92,5941051.77],[816806.99,5941086.09],[816782.25,5941108.91],[816746.18,5941200.15],[816714.97,5941234.52],[816713.17,5941254.34],[816714.68,5941256.75],[816713.49,5941269.23],[816713.53,5941275.54],[816713.24,5941284.9],[816711.77,5941293.83],[816710.38,5941298.88],[816707.33,5941309.99],[816700.65,5941332.37],[816693.55,5941356.72],[816689.28,5941367.91],[816685.09,5941377.34],[816675.58,5941390.11],[816555.94,5941550.77],[816506.38,5941610.82],[816522.33,5941678.7],[816525.47,5941692.07],[816524.06,5941692.0],[816519.85,5941758.19],[816502.87,5941877.49],[816499.54,5941906.98],[816488.27,5941989.68],[816477.59,5942002.8],[816479.19,5942008.29],[816479.48,5942016.34],[816481.9,5942027.08],[816490.76,5942066.45],[816502.32,5942117.85],[816503.33,5942122.35],[816509.8,5942151.08],[816513.62,5942175.28],[816521.26,5942223.75],[816523.03,5942234.95],[816525.56,5942250.95],[816526.02,5942253.91],[816529.31,5942273.9],[816540.45,5942341.54],[816551.15,5942406.5],[816558.9,5942453.5],[816562.09,5942472.89],[816569.97,5942520.72],[816582.78,5942598.54],[816591.47,5942651.28],[816592.04,5942654.76],[816600.76,5942707.67],[816607.87,5942750.86],[816616.56,5942803.6],[816623.58,5942846.24],[816635.18,5942913.65],[816648.2,5942989.28],[816657.7,5943044.49],[816658.34,5943048.17],[816657.6,5943052.11],[816658.62,5943058.47],[816667.35,5943113.24],[816668.88,5943126.36],[816670.29,5943138.46],[816672.28,5943144.62],[816671.54,5943297.95],[816711.5,5943520.44],[816723.48,5943587.15],[816729.16,5943618.82],[816764.08,5943784.95],[816768.42,5943814.17],[816774.25,5943854.75],[816785.96,5943933.42],[816787.45,5943943.39],[816796.95,5943996.28],[816812.66,5944083.78],[816823.5,5944144.1],[816824.21,5944148.11],[816824.78,5944151.23],[816846.15,5944270.04],[816880.45,5944336.72],[816884.42,5944344.81],[816887.95,5944351.62],[816892.13,5944359.85],[816897.84,5944371.02],[816901.32,5944377.76],[816907.04,5944388.9],[816911.27,5944397.13],[816918.17,5944410.6],[816929.38,5944432.45],[816936.28,5944445.99],[816946.52,5944466.03],[816949.19,5944471.38],[816950.1,5944473.2],[816966.34,5944505.59],[816977.88,5944528.59],[816990.42,5944553.16],[816997.85,5944567.71],[816997.96,5944567.92],[817023.6,5944618.29],[817099.95,5944768.1],[817159.73,5944881.5],[817268.64,5945104.18],[817275.3,5945117.8],[817288.43,5945115.4],[817406.67,5945093.78],[817450.48,5945031.32],[817481.84,5945015.48],[817512.95,5945012.56],[817656.18,5945014.64],[817658.32,5945015.31],[817704.01,5945029.72],[817708.08,5945031.0],[817715.33,5945033.31],[817721.87,5945035.39],[817730.67,5945045.93],[817810.9,5945141.95],[817822.25,5945178.04],[817837.52,5945184.07],[817844.17,5945185.78],[817849.25,5945179.17],[817853.36,5945176.51],[817879.94,5945129.55],[817897.13,5945118.67],[817909.92,5945074.42],[817912.7,5945064.8],[817915.27,5945040.22],[817915.65,5945036.53],[817911.01,5944951.82],[817914.52,5944941.25],[817931.21,5944917.62],[817939.04,5944905.84],[817944.77,5944893.44],[817945.99,5944879.72],[817946.05,5944858.95],[817946.09,5944846.37],[817942.5,5944811.86],[817968.31,5944808.34],[817990.33,5944802.91],[817992.24,5944802.2],[817998.38,5944797.67],[818006.92,5944790.65],[818015.63,5944781.59],[818007.31,5944779.61],[817995.32,5944790.11],[817979.8,5944798.78],[817958.21,5944805.17],[817941.88,5944805.89],[817932.58,5944799.77],[817891.64,5944771.65],[817875.38,5944761.8],[817866.53,5944755.27],[817863.02,5944749.5],[817859.39,5944729.33],[817862.59,5944718.4],[817870.54,5944707.0],[817893.38,5944689.85],[817902.21,5944677.32],[817899.66,5944661.17],[817879.57,5944604.0],[817874.4,5944581.18],[817892.14,5944530.25],[817891.39,5944512.52],[817886.91,5944475.56],[817882.37,5944455.96],[817886.61,5944422.86],[817887.75,5944413.97],[817889.31,5944401.73],[817895.05,5944377.4],[817905.63,5944357.92],[817906.8,5944355.76],[817911.82,5944344.69],[817912.63,5944331.3],[817908.13,5944310.46],[817878.94,5944262.24],[817856.09,5944207.2],[817848.86,5944189.86],[817840.51,5944163.03],[817830.49,5944127.58],[817820.17,5944091.72],[817816.66,5944068.01],[817815.18,5944036.72],[817827.65,5944003.54],[817841.1,5943967.74],[817862.27,5943904.29],[817857.82,5943862.93],[817863.13,5943816.15],[817840.78,5943771.59],[817837.93,5943765.91],[817837.48,5943765.51],[817830.45,5943759.39],[817816.19,5943746.97],[817821.12,5943736.98],[817849.27,5943679.96],[817896.26,5943639.82],[817906.21,5943616.44],[817963.94,5943613.33],[817966.39,5943609.83],[817999.0,5943566.13],[818113.01,5943409.02],[818116.6,5943402.89],[818130.28,5943384.0],[818142.47,5943367.6],[818166.97,5943333.37],[818196.55,5943290.89],[818196.86,5943290.32],[818197.11,5943289.83],[818199.75,5943284.83],[818218.27,5943267.79],[818235.11,5943246.13],[818260.56,5943228.79],[818278.41,5943216.22],[818297.08,5943202.63],[818311.56,5943191.78],[818323.09,5943181.42],[818333.13,5943172.83],[818345.88,5943158.06],[818354.59,5943147.14],[818361.24,5943138.49],[818370.01,5943128.06],[818382.69,5943113.22],[818392.08,5943099.72],[818394.54,5943094.09],[818416.54,5943041.24],[818419.05,5943036.35],[818426.4,5943023.95],[818442.65,5942999.62],[818447.06,5942993.03],[818451.99,5942984.61],[818464.81,5942955.98],[818475.18,5942932.8],[818479.74,5942920.6],[818483.59,5942906.78],[818491.4,5942878.75],[818491.43,5942878.65],[818495.61,5942860.93],[818500.41,5942842.54],[818504.64,5942832.76],[818510.9,5942819.75],[818517.03,5942812.07],[818521.29,5942805.82],[818531.42,5942790.11],[818540.34,5942779.88],[818547.79,5942771.34],[818556.54,5942761.12],[818562.55,5942752.38],[818567.74,5942744.27],[818576.38,5942732.92],[818585.68,5942720.11],[818590.16,5942713.05],[818593.76,5942707.36],[818598.88,5942702.72],[818605.17,5942696.69],[818611.43,5942690.69],[818620.8,5942681.72],[818636.96,5942667.99],[818643.49,5942662.0],[818647.52,5942658.31],[818659.83,5942646.7],[818678.82,5942628.62],[818694.39,5942613.54],[818708.01,5942600.35],[818746.64,5942562.94],[818753.23,5942556.55],[818765.27,5942536.96],[818768.64,5942529.94],[818781.08,5942498.36],[818792.45,5942480.45],[818806.93,5942457.1],[818820.4,5942441.89],[818828.26,5942432.4],[818830.32,5942429.71],[818843.02,5942412.26],[818843.71,5942409.69],[818845.3,5942403.82],[818848.39,5942392.4],[818849.75,5942382.18],[818855.19,5942370.32],[818859.51,5942365.5],[818865.96,5942360.38],[818873.6,5942354.25],[818878.28,5942347.52],[818885.42,5942328.99],[818891.37,5942307.72],[818897.73,5942288.06],[818902.62,5942277.79],[818909.58,5942265.88],[818915.64,5942256.85],[818920.56,5942249.03],[818926.04,5942240.28],[818932.87,5942229.99],[818935.07,5942226.69],[818944.81,5942212.26],[818953.31,5942201.64],[818959.92,5942191.18],[818972.4,5942169.17],[818985.27,5942151.57],[818988.86,5942146.67],[819008.7,5942119.55],[819018.56,5942106.45],[819032.76,5942093.94],[819039.88,5942082.14],[819049.85,5942066.33],[819062.57,5942038.77],[819069.59,5942027.74],[819079.11,5942015.27],[819080.8,5942013.22],[819087.44,5942005.2],[819092.19,5941998.75],[819104.8,5941978.7],[819118.92,5941957.9],[819128.98,5941950.11],[819138.95,5941942.39],[819143.11,5941939.17],[819147.2,5941933.59],[819155.54,5941918.83],[819163.0,5941911.49],[819174.09,5941899.53],[819194.28,5941875.55],[819201.65,5941865.36],[819216.65,5941845.84],[819261.64,5941787.31],[819327.04,5941697.5],[819391.98,5941591.32],[819444.39,5941497.93],[819453.16,5941482.3],[819476.55,5941436.14],[819492.6,5941387.42],[819496.9,5941376.18],[819502.6,5941361.29],[819508.12,5941349.68],[819524.08,5941321.44],[819540.98,5941294.86],[819553.56,5941277.3],[819567.02,5941259.93],[819591.04,5941231.0],[819616.06,5941204.24],[819635.0,5941183.98],[819662.43,5941155.37],[819671.4,5941140.45],[819689.08,5941111.07],[819699.76,5941090.2],[819706.46,5941068.59],[819710.06,5941032.45],[819711.86,5941013.4],[819706.73,5940987.2],[819698.67,5940941.34],[819698.5,5940940.39],[819696.91,5940931.32],[819695.97,5940925.95],[819694.88,5940919.78],[819693.27,5940910.58],[819693.14,5940909.86],[819691.77,5940902.07],[819690.35,5940894.01],[819689.04,5940886.55],[819681.95,5940846.18],[819674.72,5940814.48],[819665.81,5940798.97],[819655.55,5940788.19],[819629.26,5940760.73],[819621.33,5940752.81],[819594.32,5940730.54],[819596.8,5940730.25],[819601.77,5940729.66],[819602.77,5940729.54],[819610.08,5940728.67],[819613.5,5940728.26],[819622.8,5940727.16],[819623.24,5940727.1],[819710.24,5940716.76],[819757.29,5940711.16],[819795.18,5940706.65],[819822.63,5940703.39],[819838.77,5940701.47],[819841.97,5940701.08],[819920.79,5940691.71],[819983.04,5940684.3],[820040.5,5940677.47],[820098.7,5940670.55],[820167.85,5940662.32],[820190.06,5940659.68],[820223.26,5940655.73],[820245.86,5940653.04],[820271.02,5940650.05],[820353.18,5940640.28],[820479.41,5940625.13],[820504.66,5940622.1],[820517.58,5940620.55],[820517.96,5940620.34],[820569.6,5940592.1],[820580.13,5940586.33],[820601.61,5940583.77],[820659.34,5940576.89],[820735.17,5940567.84],[820834.54,5940555.99],[820916.88,5940548.09],[821006.88,5940550.08],[821019.63,5940550.36],[821076.75,5940551.62],[821080.48,5940551.19],[821086.49,5940550.49],[821145.04,5940538.96],[821153.05,5940537.38],[821192.31,5940529.65],[821227.74,5940522.67],[821257.26,5940516.85],[821279.91,5940512.39],[821284.01,5940511.59],[821305.56,5940507.34],[821325.33,5940503.45],[821343.08,5940499.95],[821358.85,5940496.85],[821372.59,5940494.14],[821382.66,5940492.15],[821386.18,5940490.84],[821389.2,5940489.71],[821395.23,5940486.27],[821403.91,5940481.32],[821408.42,5940478.75],[821412.66,5940476.49],[821421.27,5940471.91],[821429.53,5940467.52],[821438.85,5940463.4],[821448.35,5940459.2],[821457.72,5940455.06],[821466.89,5940451.0],[821475.89,5940447.03],[821485.11,5940442.95],[821497.02,5940437.68],[821506.33,5940433.57],[821515.56,5940429.49],[821524.79,5940425.41],[821533.96,5940421.36],[821543.14,5940417.3],[821552.31,5940413.24],[821561.52,5940409.17],[821570.76,5940405.09],[821580.0,5940401.0],[821589.24,5940396.92],[821598.29,5940392.92],[821605.49,5940389.74],[821607.79,5940388.7],[821616.96,5940384.57],[821626.16,5940380.43],[821635.17,5940376.37],[821644.31,5940372.26],[821653.65,5940368.05],[821661.95,5940364.31],[821670.43,5940360.5],[821679.82,5940356.27],[821687.62,5940352.76],[821696.8,5940348.62],[821705.65,5940344.64],[821714.83,5940340.5],[821723.78,5940336.48],[821729.04,5940334.11],[821731.15,5940333.16],[821757.54,5940321.28],[821783.56,5940309.56],[821809.11,5940298.06],[821835.21,5940286.3],[821850.68,5940279.34],[821862.74,5940273.39],[821888.36,5940260.75],[821913.12,5940248.53],[821938.49,5940236.02],[821976.18,5940217.43],[821979.73,5940215.68],[822040.98,5940185.46],[822115.33,5940147.88],[822144.95,5940132.92],[822248.93,5940080.37],[822352.9,5940027.82],[822400.48,5940002.35],[822499.62,5939946.19],[822560.13,5939899.59],[822643.44,5939864.5],[822679.62,5939844.8],[822710.66,5939824.23],[822732.15,5939812.15],[822758.74,5939797.19],[822780.11,5939785.17],[822786.04,5939782.7],[822790.82,5939780.7],[822803.32,5939775.51],[822810.98,5939772.19],[822828.85,5939764.64],[822964.79,5939712.71],[823035.54,5939688.73],[823073.91,5939670.64],[823128.2,5939645.04],[823155.38,5939632.22],[823194.23,5939608.97],[823217.87,5939599.5],[823242.92,5939582.67],[823315.95,5939541.2],[823375.89,5939507.11],[823408.8,5939488.44],[823507.25,5939439.1],[823510.32,5939437.56],[823524.36,5939430.52],[823528.21,5939428.59],[823517.89,5939400.94],[823487.99,5939318.06],[823487.16,5939301.43],[823493.73,5939262.63],[823493.86,5939259.34],[823494.69,5939237.95],[823487.63,5939219.21],[823470.55,5939177.04],[823468.12,5939169.11],[823453.33,5939133.28],[823441.23,5939106.38],[823432.74,5939088.18],[823417.02,5939060.05],[823404.97,5939040.59],[823388.75,5939021.55],[823379.09,5939010.42],[823365.83,5938989.67],[823356.97,5938973.6],[823349.06,5938960.6],[823347.48,5938957.64],[823348.96,5938952.27],[823349.13,5938951.23],[823352.81,5938927.71],[823356.0,5938907.4],[823373.88,5938851.77],[823376.56,5938833.27],[823381.65,5938799.86],[823391.46,5938735.53],[823399.42,5938686.89],[823407.35,5938634.02],[823409.36,5938620.62],[823419.64,5938522.19],[823418.11,5938519.45],[823400.06,5938487.02],[823392.49,5938473.43],[823376.1,5938450.77],[823363.12,5938432.81],[823345.19,5938413.19],[823307.08,5938374.03],[823298.85,5938365.92],[823254.05,5938324.54],[823248.78,5938304.7],[823248.16,5938298.81],[823251.88,5938287.25],[823255.29,5938276.69],[823273.6,5938257.84],[823288.32,5938242.69],[823291.57,5938227.97],[823282.7,5938209.65],[823272.05,5938201.0],[823264.51,5938194.87],[823260.16,5938192.43],[823241.05,5938173.76],[823238.97,5938167.0],[823235.73,5938155.89],[823242.01,5938135.13],[823250.92,5938114.7],[823258.85,5938095.82],[823272.35,5938059.46],[823274.86,5938048.69],[823276.35,5938038.87],[823276.16,5938009.4],[823275.96,5937978.62],[823275.89,5937967.45],[823270.29,5937950.44],[823236.0,5937892.85],[823230.3,5937880.02],[823233.2,5937870.41],[823234.65,5937863.67],[823237.17,5937852.22],[823238.54,5937843.73],[823238.62,5937843.23],[823239.2,5937839.68],[823240.12,5937835.01],[823241.56,5937827.74],[823258.77,5937799.53],[823268.85,5937789.78],[823279.79,5937779.22],[823287.26,5937771.99],[823302.16,5937757.6],[823311.36,5937748.71],[823316.54,5937743.71],[823318.81,5937741.51],[823337.25,5937711.82],[823356.93,5937682.46],[823364.73,5937673.26],[823395.9,5937647.96],[823410.11,5937637.98],[823421.32,5937630.11],[823426.17,5937626.71],[823438.81,5937617.95],[823436.6,5937604.76],[823434.72,5937593.54],[823423.23,5937558.62],[823423.44,5937538.85],[823415.92,5937513.11],[823410.93,5937492.81],[823420.5,5937482.91],[823434.91,5937467.88],[823458.12,5937460.81],[823474.34,5937467.83],[823499.35,5937487.28],[823528.27,5937493.73],[823564.58,5937503.01],[823620.23,5937520.13],[823649.13,5937532.28],[823676.52,5937541.17],[823718.43,5937544.25],[823760.48,5937501.32],[823802.67,5937498.44],[823819.42,5937493.84],[823846.05,5937483.36],[823915.37,5937452.33],[823982.05,5937420.17],[823988.45,5937416.03],[823992.14,5937413.66],[823997.14,5937410.43],[824002.73,5937408.66],[824003.15,5937408.53],[824004.24,5937408.18],[824030.86,5937399.74],[824026.92,5937337.97],[824017.19,5937264.34],[823999.56,5937232.89],[823976.41,5937200.21],[823958.86,5937175.1],[823935.46,5937070.11],[823905.18,5937017.57],[823880.88,5936975.4],[823850.49,5936893.43],[823852.41,5936853.84],[823852.51,5936851.58],[823852.61,5936849.57],[823852.69,5936848.04],[823852.76,5936846.58],[823853.45,5936832.26],[823848.58,5936789.85],[823846.73,5936781.57],[823807.89,5936702.59],[823749.99,5936659.63],[823724.92,5936636.58],[823724.35,5936636.05],[823723.96,5936635.38],[823708.02,5936607.83],[823676.67,5936553.67],[823663.04,5936498.26],[823628.9,5936416.71],[823599.71,5936337.84],[823580.18,5936285.07],[823543.36,5936209.65],[823537.2,5936197.04],[823519.08,5936121.72],[823512.76,5936095.43],[823505.07,5936041.81],[823498.57,5936016.49],[823498.45,5936016.06],[823494.21,5935999.54],[823517.19,5935985.82],[823662.64,5935898.96],[823809.28,5935811.4],[823813.52,5935808.87],[824066.4,5935657.86],[824124.65,5935623.08],[824423.44,5935444.66],[824424.31,5935444.14],[824428.81,5935441.45],[824434.65,5935437.96],[824678.13,5935292.42],[824736.43,5935257.56],[824739.86,5935255.52],[824744.87,5935252.52],[824749.96,5935249.37],[825036.88,5935071.92],[825684.39,5934689.91],[825687.84,5934687.88],[825710.15,5934674.71],[825901.62,5934561.75],[826007.89,5934499.05],[826014.81,5934494.97],[826132.9,5934425.3],[826133.33,5934425.01],[826143.74,5934417.96],[826151.52,5934412.69],[826153.7,5934411.21],[826165.94,5934403.65],[826169.04,5934401.73],[826225.26,5934366.99],[826321.11,5934307.75],[826344.88,5934293.05],[826354.1,5934291.48],[826362.01,5934286.47],[826384.89,5934272.6],[826407.63,5934264.5],[826427.92,5934255.12],[826440.54,5934245.42],[826445.7,5934240.13],[826450.51,5934231.71],[826454.31,5934218.56],[826457.9,5934202.11],[826461.24,5934181.14],[826462.37,5934137.49],[826461.42,5934113.34],[826457.85,5934111.87],[826455.94,5934104.5],[826446.3,5933953.82],[826446.39,5933943.79],[826454.42,5933939.35],[826447.54,5933932.2],[826433.55,5933905.86],[826427.13,5933894.15],[826425.88,5933891.21],[826426.26,5933881.39],[826429.06,5933870.07],[826435.2,5933856.91],[826441.8,5933843.65],[826446.54,5933836.6],[826457.61,5933821.89],[826471.87,5933803.9],[826482.0,5933790.78],[826499.88,5933758.48],[826504.26,5933750.57],[826499.58,5933719.48],[826487.18,5933674.27],[826485.15,5933657.18],[826492.62,5933632.71],[826498.57,5933618.82],[826511.84,5933590.95],[826517.83,5933578.37],[826520.2,5933569.32],[826527.03,5933543.33],[826524.74,5933521.08],[826521.55,5933490.01],[826520.52,5933479.93],[826514.32,5933470.91],[826468.06,5933446.52],[826449.67,5933428.05],[826447.02,5933425.39],[826439.34,5933413.56],[826430.21,5933396.84],[826427.42,5933391.73],[826425.87,5933386.18],[826424.14,5933379.97],[826425.93,5933369.59],[826432.7,5933357.79],[826450.07,5933339.37],[826457.58,5933310.14],[826476.11,5933237.98],[826471.6,5933234.23],[826467.33,5933230.68],[826431.33,5933185.98],[826405.64,5933174.18],[826336.49,5933138.95],[826310.62,5933131.57],[826266.66,5933119.04],[826199.13,5933102.39],[826168.66,5933094.13],[826129.61,5933089.9],[826088.1,5933085.84],[826031.67,5933079.19],[825955.88,5933069.92],[825920.53,5933064.26],[825899.55,5933055.2],[825860.95,5933037.3],[825784.82,5932999.68],[825732.63,5932974.37],[825725.34,5932975.83],[825709.24,5932979.07],[825699.05,5932981.12],[825697.79,5932977.31],[825692.87,5932961.86],[825690.03,5932952.93],[825670.18,5932889.1],[825662.11,5932863.14],[825659.7,5932856.06],[825653.1,5932836.61],[825652.37,5932834.65],[825651.58,5932832.55],[825687.29,5932826.76],[825696.15,5932825.32],[825699.63,5932824.76],[825716.88,5932795.52],[825765.79,5932735.51],[825778.48,5932718.31],[825791.23,5932711.88],[825794.47,5932708.06],[825803.39,5932697.45],[825997.94,5932468.11],[826172.52,5932262.29],[826181.74,5932252.83],[826180.69,5932187.26],[826183.02,5932135.44],[826152.22,5932063.64],[826141.46,5932063.41],[826141.4,5932060.45],[826140.56,5932054.44],[826139.97,5932046.31],[826133.54,5932014.07],[826130.21,5932002.73],[826124.45,5931978.4],[826122.81,5931969.54],[826121.13,5931962.95],[826117.14,5931956.58],[826109.03,5931947.94],[826100.26,5931938.08],[826086.83,5931928.39],[826074.04,5931915.03],[826067.87,5931909.18],[826063.02,5931904.7],[826053.55,5931896.26],[826045.71,5931888.99],[826038.52,5931880.86],[826027.76,5931870.84],[826020.25,5931866.51],[826014.73,5931863.33],[826001.24,5931857.28],[825994.53,5931853.4],[825988.87,5931844.06],[825977.48,5931831.95],[825958.95,5931815.18],[825937.55,5931801.36],[825915.69,5931787.03],[825897.27,5931773.9],[825880.18,5931763.05],[825870.72,5931756.27],[825860.21,5931749.77],[825845.4,5931739.81],[825824.48,5931727.69],[825818.06,5931725.35],[825790.83,5931708.09],[825776.29,5931699.53],[825764.95,5931690.16],[825756.86,5931680.79],[825747.9,5931663.63],[825739.4,5931652.28],[825707.07,5931609.11],[825700.85,5931598.23],[825691.3,5931584.89],[825682.46,5931573.45],[825676.48,5931566.73],[825668.06,5931560.51],[825656.57,5931546.76],[825643.35,5931533.97],[825629.78,5931517.59],[825624.56,5931508.76],[825627.96,5931504.54],[825632.34,5931499.09],[825633.82,5931497.6],[825641.4,5931490.01],[825671.8,5931452.85],[825688.66,5931435.71],[825697.68,5931420.4],[825718.58,5931385.62],[825746.95,5931344.15],[825759.78,5931322.58],[825785.42,5931279.46],[825798.0,5931210.0],[825822.04,5931167.63],[825837.68,5931112.38],[825851.21,5931089.05],[825881.96,5931027.2],[825889.75,5931018.8],[825906.78,5930999.69],[825929.67,5930973.98],[825946.24,5930955.38],[825965.94,5930930.59],[825990.04,5930902.4],[826008.26,5930880.24],[826028.09,5930862.9],[826047.82,5930848.27],[826063.47,5930835.92],[826084.74,5930823.38],[826115.26,5930807.97],[826194.65,5930782.31],[826220.1,5930777.02],[826226.88,5930771.03],[826243.1,5930756.68],[826247.76,5930752.55],[826265.54,5930736.83],[826290.75,5930714.52],[826323.6,5930689.64],[826335.4,5930680.71],[826374.2,5930650.63],[826392.13,5930636.73],[826420.36,5930620.5],[826448.78,5930604.16],[826475.67,5930588.7],[826486.63,5930582.4],[826502.62,5930573.21],[826574.49,5930531.89],[826594.25,5930522.01],[826615.52,5930512.64],[826629.9,5930502.78],[826662.54,5930480.4],[826684.42,5930465.37],[826703.29,5930458.57],[826718.92,5930455.65],[826729.33,5930458.27],[826754.39,5930478.8],[826777.14,5930497.38],[826783.97,5930503.36],[826836.05,5930549.07],[826842.37,5930554.61],[826858.98,5930571.7],[826874.38,5930587.54],[826907.16,5930608.75],[826910.73,5930611.06],[826918.53,5930619.01],[826932.89,5930633.93],[826953.87,5930648.96],[827001.73,5930688.14],[827007.4,5930692.79],[827040.67,5930726.55],[827050.93,5930742.96],[827066.56,5930780.33],[827083.93,5930824.59],[827086.94,5930850.73],[827090.17,5930874.19],[827092.23,5930889.23],[827102.73,5930906.23],[827174.94,5930931.32],[827225.36,5930942.91],[827290.04,5930960.62],[827300.03,5930964.13],[827306.05,5930966.24],[827312.63,5930968.54],[827333.86,5930975.52],[827351.17,5930983.36],[827368.46,5930991.18],[827410.38,5931005.59],[827453.82,5931023.6],[827468.4,5931029.11],[827503.06,5931042.21],[827520.47,5931048.78],[827537.87,5931055.2],[827551.97,5931060.39],[827583.91,5931071.1],[827644.38,5931092.17],[827670.17,5931104.39],[827692.05,5931119.55],[827710.02,5931134.94],[827735.8,5931167.35],[827736.56,5931168.3],[827740.62,5931173.41],[827752.74,5931188.57],[827760.32,5931198.05],[827778.01,5931218.43],[827805.15,5931244.97],[827841.39,5931279.53],[827869.38,5931305.26],[827873.95,5931309.47],[827906.02,5931334.7],[827919.19,5931345.14],[827954.78,5931359.42],[828016.99,5931374.35],[828043.17,5931380.62],[828068.62,5931392.66],[828093.94,5931404.64],[828141.64,5931423.79],[828172.34,5931431.43],[828214.4,5931435.88],[828233.03,5931439.58],[828258.51,5931454.2],[828314.48,5931486.66],[828479.55,5931588.39],[828508.61,5931606.95],[828518.83,5931604.29],[828537.52,5931599.44],[828570.66,5931587.25],[828619.24,5931554.17],[828622.21,5931555.19],[828624.34,5931555.96],[828655.42,5931566.63],[828658.85,5931567.57],[828673.28,5931571.49],[828839.86,5931616.81],[828960.96,5931652.56],[828978.29,5931657.68],[828984.07,5931659.39],[828987.78,5931660.48],[829047.7,5931656.56],[829076.97,5931654.65],[829093.34,5931653.58],[829119.14,5931651.89],[829140.5,5931650.49],[829159.54,5931649.25],[829179.55,5931647.94],[829220.1,5931645.29],[829239.83,5931644.0],[829261.43,5931642.58],[829267.58,5931641.88],[829269.49,5931641.67],[829299.1,5931639.36],[829323.03,5931634.05],[829338.37,5931630.64],[829347.1,5931628.69],[829370.98,5931623.39],[829379.74,5931621.49],[829393.97,5931618.28],[829417.31,5931613.13],[829442.53,5931607.56],[829449.94,5931605.91],[829467.06,5931602.1],[829492.81,5931596.31],[829501.26,5931594.46],[829516.62,5931591.1],[829531.24,5931592.18],[829545.15,5931592.72],[829575.16,5931594.57],[829579.23,5931594.82],[829581.33,5931594.34],[829584.94,5931593.52],[829590.46,5931593.99],[829606.23,5931595.35],[829630.7,5931597.45],[829673.68,5931620.83],[829717.67,5931644.75],[829734.83,5931654.08],[829744.69,5931659.45],[829765.82,5931670.94],[829824.76,5931685.15],[829837.24,5931687.33],[829841.56,5931688.08],[829858.19,5931690.99],[829859.46,5931691.21],[829874.11,5931693.77],[829890.18,5931696.57],[829902.24,5931698.68],[829930.72,5931705.31],[829946.39,5931708.96],[829982.13,5931717.29],[830007.84,5931722.98],[830049.16,5931732.11],[830069.26,5931738.0],[830078.15,5931740.6],[830086.72,5931743.11],[830113.98,5931751.1],[830127.2,5931754.97],[830146.0,5931759.62],[830162.04,5931763.59],[830186.44,5931769.64],[830244.79,5931782.34],[830308.57,5931798.5],[830323.71,5931804.14],[830344.91,5931812.04],[830350.65,5931814.23],[830355.63,5931816.12],[830419.17,5931839.37],[830468.62,5931851.21],[830508.19,5931866.2],[830555.29,5931887.83],[830641.99,5931919.84],[830753.66,5931963.24],[830782.87,5931973.1],[830786.66,5931974.38],[830831.82,5931984.55],[830869.15,5931993.42],[830889.0,5931999.01],[830932.34,5932011.29],[830988.36,5932023.84],[830992.68,5932024.99],[830993.64,5932025.25],[830996.83,5932026.1],[831120.85,5932059.17],[831124.75,5932059.99],[831237.54,5932083.54],[831269.0,5932089.54],[831313.67,5932098.07],[831320.2,5932099.32],[831366.47,5932105.06],[831389.69,5932107.53],[831432.03,5932112.04],[831535.37,5932124.18],[831539.3,5932124.68],[831708.7,5932146.38],[831721.26,5932152.3],[831739.57,5932160.92],[831744.73,5932163.35],[831749.51,5932165.6],[831769.77,5932175.14],[831821.36,5932199.44],[831889.0,5932233.31],[831927.74,5932246.17],[831987.14,5932265.89],[832024.88,5932277.11],[832101.07,5932296.97],[832143.61,5932309.53],[832143.73,5932309.57],[832147.74,5932310.75],[832162.52,5932279.14],[832168.52,5932271.84],[832180.6,5932260.46],[832201.05,5932242.73],[832216.7,5932231.88],[832235.54,5932202.41],[832239.6,5932196.06],[832285.02,5932139.59],[832299.62,5932122.25],[832356.61,5932054.59],[832373.69,5932033.98],[832438.05,5931956.33],[832462.58,5931926.73],[832485.36,5931899.33],[832491.29,5931890.84],[832498.46,5931880.58],[832506.87,5931868.27],[832516.69,5931853.87],[832520.09,5931847.17],[832521.55,5931847.1],[832522.36,5931847.05],[832582.42,5931844.04],[832695.44,5931838.36],[832760.2,5931835.47],[832817.38,5931832.92],[832892.33,5931829.12],[832923.06,5931827.56],[833024.1,5931823.81],[833045.58,5931822.96],[833076.0,5931821.76],[833124.75,5931819.84],[833160.92,5931818.82],[833210.06,5931817.44],[833291.77,5931814.13],[833299.47,5931814.24],[833303.85,5931814.31],[833304.97,5931814.32],[833306.95,5931814.35],[833310.66,5931814.41],[833314.99,5931814.47],[833315.73,5931814.5],[833318.91,5931814.61],[833528.03,5931821.83],[833630.43,5931826.63],[833691.84,5931829.5],[833714.07,5931830.53],[833757.09,5931832.01],[833781.55,5931833.72],[833805.44,5931835.39],[833858.44,5931838.05],[833881.57,5931839.1],[833915.14,5931840.64],[833933.25,5931841.8],[833977.6,5931844.58],[833983.59,5931844.95],[834011.42,5931848.18],[834048.57,5931846.76],[834054.4,5931846.54],[834074.08,5931845.79],[834091.71,5931845.12],[834118.46,5931844.98],[834134.81,5931844.99],[834170.14,5931845.99],[834219.41,5931847.39],[834224.58,5931847.84],[834303.19,5931854.6],[834305.36,5931854.8],[834392.76,5931863.25],[834481.54,5931866.6],[834524.27,5931869.04],[834570.81,5931871.72],[834574.14,5931871.7],[834660.11,5931871.18],[834676.16,5931872.48],[834757.4,5931879.12],[834846.6,5931879.35],[834936.49,5931885.77],[834961.7,5931887.93],[835033.14,5931894.06],[835037.69,5931892.84],[835098.22,5931937.46],[835098.46,5931930.36],[835133.26,5931804.33],[835135.85,5931794.99],[835160.96,5931704.65],[835178.62,5931633.7],[835181.29,5931622.98],[835182.51,5931618.05],[835185.65,5931606.48],[835197.25,5931563.62],[835204.1,5931536.62],[835211.75,5931506.46],[835214.15,5931496.48],[835224.34,5931454.01],[835226.2,5931446.57],[835229.33,5931434.03],[835232.38,5931421.83],[835239.66,5931392.73],[835242.39,5931380.93],[835246.63,5931362.65],[835254.18,5931330.02],[835264.29,5931286.36],[835266.83,5931275.35],[835268.69,5931267.25],[835278.15,5931225.89],[835283.05,5931204.47],[835288.96,5931178.59],[835295.27,5931155.18],[835299.64,5931138.94],[835311.89,5931093.47],[835317.02,5931074.49],[835326.99,5931037.63],[835330.65,5931024.1],[835334.24,5931010.03],[835336.19,5931002.36],[835340.08,5930974.48],[835342.54,5930959.73],[835347.26,5930931.41],[835351.29,5930914.57],[835351.63,5930913.17],[835352.87,5930907.95],[835363.02,5930865.58],[835366.36,5930851.64],[835367.96,5930844.92],[835373.55,5930824.19],[835375.04,5930817.64],[835381.98,5930787.15],[835389.11,5930759.71],[835390.08,5930755.99],[835394.56,5930741.36],[835409.67,5930692.08],[835414.3,5930679.38],[835416.93,5930672.13],[835417.97,5930668.61],[835419.52,5930663.35],[835429.69,5930630.55],[835432.71,5930620.03],[835442.35,5930591.06],[835452.86,5930562.7],[835456.05,5930550.94],[835461.77,5930529.9],[835465.88,5930507.54],[835468.54,5930495.45],[835471.87,5930468.35],[835484.41,5930425.29],[835485.53,5930421.21],[835492.17,5930397.11],[835505.79,5930354.36],[835512.01,5930341.28],[835541.23,5930279.82],[835570.81,5930216.54],[835805.44,5930091.27],[835951.14,5930080.64],[835969.85,5930079.42],[836212.62,5930193.85],[836220.04,5930193.18],[836224.63,5930236.72],[836353.17,5930233.65],[836365.53,5930233.35],[836389.41,5930240.95],[836405.45,5930246.05],[836423.65,5930251.84],[836439.5,5930256.88],[836457.46,5930267.23],[836476.0,5930278.82],[836493.32,5930289.66],[836514.71,5930303.03],[836532.09,5930313.9],[836559.79,5930328.76],[836579.79,5930337.36],[836598.28,5930345.31],[836619.7,5930354.52],[836641.15,5930363.75],[836659.25,5930373.84],[836678.03,5930384.31],[836698.3,5930395.6],[836718.06,5930406.61],[836748.13,5930422.18],[836761.76,5930424.42],[836792.32,5930427.81],[836823.48,5930428.59],[836871.19,5930427.48],[836906.76,5930423.88],[836946.84,5930414.92],[837014.48,5930383.79],[837046.76,5930368.56],[837109.25,5930350.1],[837226.4,5930328.64],[837230.89,5930327.82],[837236.08,5930324.36],[837240.11,5930321.67],[837325.71,5930267.39],[837350.39,5930254.29],[837439.78,5930225.03],[837518.49,5930173.85],[837560.24,5930143.36],[837574.01,5930133.47],[837614.65,5930097.99],[837640.12,5930071.53],[837651.46,5930059.75],[837674.6,5930020.09],[837686.95,5929998.95],[837695.36,5930023.21],[837702.41,5930039.03],[837711.24,5930062.46],[837723.1,5930100.9],[837750.54,5930137.7],[837764.55,5930159.51],[837783.59,5930183.23],[837786.94,5930189.44],[837787.5,5930190.55],[837788.36,5930192.09],[837757.67,5930276.09],[837743.23,5930303.68],[837681.49,5930366.12],[837648.67,5930400.77],[837640.84,5930418.52],[837641.01,5930434.73],[837650.59,5930476.79],[837651.73,5930481.81],[837633.82,5930511.97],[837686.79,5930570.6],[837696.04,5930580.58],[837734.65,5930622.26],[837793.39,5930685.03],[837818.74,5930713.86],[837849.25,5930746.92],[837903.81,5930802.62],[837915.62,5930815.09],[837919.21,5930818.89],[837944.35,5930849.0],[837967.26,5930876.43],[837980.65,5930892.47],[837992.06,5930906.31],[838016.35,5930935.76],[838040.81,5930962.86],[838065.51,5930990.22],[838079.4,5931005.6],[838080.56,5931006.89],[838082.6,5931009.16],[838083.96,5931010.65],[838088.12,5931014.8],[838088.77,5931015.44],[838091.98,5931018.63],[838095.31,5931021.94],[838096.28,5931022.91],[838119.4,5931045.87],[838149.57,5931075.86],[838202.22,5931128.2],[838269.6,5931195.17],[838308.14,5931241.69],[838320.46,5931256.57],[838339.87,5931279.99],[838363.48,5931314.58],[838398.25,5931371.62],[838421.24,5931323.1],[838473.98,5931292.71],[838504.77,5931281.18],[838509.25,5931282.62],[838604.73,5931310.95],[838639.45,5931326.44],[838714.97,5931342.83],[838779.4,5931369.11],[838853.82,5931403.03],[838862.03,5931404.98],[838865.69,5931405.85],[838944.74,5931424.98],[839004.89,5931421.03],[839064.75,5931413.06],[839100.43,5931420.87],[839142.17,5931429.76],[839148.02,5931453.67],[839152.58,5931472.26],[839154.93,5931481.83],[839156.47,5931488.2],[839161.54,5931508.86],[839162.43,5931512.24],[839165.49,5931524.64],[839168.2,5931536.07],[839171.1,5931546.98],[839174.1,5931558.23],[839174.98,5931563.75],[839177.86,5931575.52],[839181.71,5931591.24],[839184.32,5931601.91],[839188.58,5931619.36],[839191.31,5931630.55],[839195.26,5931646.76],[839197.06,5931654.14],[839202.07,5931674.64],[839202.83,5931677.45],[839208.65,5931700.82],[839208.87,5931702.53],[839213.62,5931721.37],[839215.51,5931729.74],[839219.32,5931745.36],[839221.72,5931755.18],[839227.99,5931780.84],[839228.71,5931784.1],[839231.14,5931795.08],[839234.21,5931806.32],[839237.45,5931819.58],[839240.47,5931831.97],[839244.8,5931849.72],[839245.51,5931852.59],[839246.77,5931857.67],[839253.12,5931883.18],[839259.53,5931908.9],[839265.6,5931933.27],[839268.44,5931944.59],[839271.52,5931958.03],[839277.23,5931983.09],[839283.06,5932008.65],[839283.4,5932010.08],[839284.93,5932016.5],[839294.64,5932059.62],[839315.13,5932100.69],[839327.79,5932125.79],[839333.66,5932137.46],[839340.1,5932150.32],[839352.14,5932174.26],[839362.67,5932194.86],[839364.08,5932197.89],[839375.9,5932221.05],[839385.58,5932240.0],[839387.5,5932243.77],[839398.83,5932265.95],[839410.02,5932287.87],[839419.38,5932306.21],[839421.15,5932309.66],[839431.37,5932329.68],[839441.54,5932349.61],[839451.59,5932369.29],[839461.32,5932388.35],[839467.22,5932399.9],[839470.85,5932407.0],[839473.75,5932412.66],[839476.85,5932418.72],[839480.23,5932425.32],[839489.57,5932443.56],[839498.5,5932461.0],[839507.63,5932478.84],[839510.58,5932484.52],[839516.68,5932496.51],[839525.7,5932514.12],[839527.04,5932516.74],[839528.48,5932519.56],[839548.32,5932558.29],[839567.52,5932595.78],[839572.12,5932604.78],[839583.85,5932629.39],[839585.65,5932633.16],[839588.9,5932639.96],[839598.92,5932660.97],[839610.97,5932686.22],[839613.04,5932690.64],[839626.6,5932719.65],[839639.33,5932746.86],[839640.65,5932749.69],[839643.04,5932754.79],[839647.76,5932764.91],[839649.26,5932768.1],[839658.23,5932787.24],[839675.1,5932823.15],[839677.31,5932827.83],[839695.41,5932866.28],[839704.65,5932886.11],[839713.24,5932904.43],[839731.6,5932943.13],[839735.87,5932952.16],[839744.37,5932970.13],[839752.05,5932986.36],[839757.07,5932997.03],[839767.8,5933019.57],[839774.85,5933034.45],[839779.08,5933043.25],[839786.67,5933058.6],[839789.7,5933064.74],[839791.2,5933067.84],[839799.51,5933085.07],[839800.46,5933087.05],[839812.13,5933110.97],[839822.33,5933131.68],[839824.01,5933135.07],[839829.15,5933145.55],[839834.34,5933156.14],[839839.57,5933166.81],[839841.01,5933169.73],[839844.82,5933177.57],[839848.25,5933184.62],[839850.07,5933188.37],[839855.31,5933199.15],[839860.56,5933209.95],[839865.8,5933220.72],[839871.04,5933231.51],[839876.35,5933242.44],[839881.42,5933252.87],[839883.81,5933257.77],[839886.87,5933263.84],[839895.26,5933280.46],[839903.6,5933296.98],[839912.1,5933313.82],[839920.12,5933329.73],[839924.95,5933339.28],[839928.09,5933345.6],[839935.59,5933360.7],[839943.07,5933375.76],[839950.47,5933390.65],[839953.67,5933397.08],[839957.73,5933405.26],[839964.86,5933419.6],[839970.29,5933430.54],[839972.02,5933434.04],[839979.1,5933448.39],[839986.2,5933462.75],[839993.25,5933477.03],[840000.43,5933491.57],[840007.79,5933506.46],[840015.19,5933521.45],[840022.51,5933536.26],[840028.93,5933549.26],[840030.17,5933551.71],[840037.61,5933566.51],[840044.99,5933581.16],[840053.17,5933597.42],[840060.99,5933612.96],[840068.26,5933627.39],[840070.11,5933631.07],[840071.54,5933633.92],[840190.14,5933587.53],[840259.53,5933555.1],[840297.6,5933540.48],[840334.74,5933526.31],[840370.6,5933507.44],[840388.57,5933495.09],[840441.83,5933485.12],[840484.58,5933477.12],[840521.33,5933470.24],[840585.18,5933458.3],[840733.16,5933430.85],[840895.37,5933400.57],[840909.19,5933400.56],[840954.62,5933403.99],[841032.1,5933555.39],[841054.18,5933598.53],[841061.75,5933613.33],[841062.32,5933614.44],[841063.68,5933612.71],[841075.27,5933598.58],[841138.02,5933555.55],[841195.57,5933516.08],[841289.96,5933451.35],[841360.66,5933402.87],[841433.5,5933352.92],[841436.94,5933350.56],[841443.34,5933345.82],[841458.83,5933334.33],[841463.02,5933330.5],[841476.23,5933318.41],[841516.41,5933281.67],[841519.73,5933278.64],[841572.47,5933231.33],[841585.68,5933219.86],[841606.0,5933202.22],[841630.82,5933183.86],[841656.85,5933165.76],[841675.23,5933158.7],[841679.66,5933157.0],[841686.6,5933157.94],[841699.24,5933159.65],[841748.95,5933130.97],[841781.23,5933112.36],[841783.78,5933110.89],[841800.05,5933106.84],[841805.54,5933104.05],[841807.58,5933103.02],[841819.24,5933097.41],[841824.21,5933092.7],[841840.47,5933077.26],[841879.86,5933039.88],[841963.71,5932978.31],[842009.36,5932944.78],[842031.63,5932928.43],[842086.18,5932888.37],[842092.57,5932883.41],[842101.4,5932876.55],[842158.8,5932831.86],[842176.53,5932818.05],[842202.49,5932809.07],[842211.99,5932805.78],[842305.27,5932773.51],[842318.62,5932756.96],[842338.2,5932732.65],[842413.63,5932663.7],[842458.62,5932644.87],[842497.33,5932628.68],[842552.74,5932605.06],[842563.69,5932597.5],[842583.23,5932584.19],[842611.15,5932565.09],[842653.02,5932536.65],[842658.38,5932533.0],[842662.88,5932529.68],[842693.17,5932507.32],[842719.7,5932487.74],[842721.29,5932486.56],[842735.67,5932475.94],[842775.82,5932446.3],[842823.33,5932421.52],[842824.29,5932421.02],[842828.88,5932417.93],[842834.09,5932414.42],[842859.72,5932397.17],[842883.29,5932381.3],[842905.77,5932366.17],[842925.98,5932350.04],[842931.15,5932345.91],[842939.45,5932340.94],[843011.38,5932297.8],[843021.03,5932292.01],[843040.77,5932276.8],[843055.56,5932265.44],[843066.19,5932257.27],[843080.59,5932246.19],[843084.84,5932242.91],[843091.27,5932238.62],[843116.91,5932221.48],[843126.25,5932215.23],[843132.99,5932216.76],[843163.43,5932197.58],[843178.66,5932187.84],[843195.69,5932176.97],[843207.66,5932169.31],[843213.9,5932165.33],[843227.94,5932156.35],[843244.81,5932141.96],[843263.18,5932125.05],[843282.67,5932107.11],[843319.27,5932073.41],[843330.66,5932062.93],[843352.39,5932042.93],[843393.75,5932011.39],[843434.78,5931993.63],[843492.3,5931968.72],[843518.34,5931957.45],[843536.11,5931949.76],[843545.27,5931946.26],[843555.48,5931942.35],[843617.15,5931918.77],[843639.74,5931910.13],[843654.51,5931904.48],[843701.31,5931886.58],[843743.73,5931870.36],[843761.48,5931863.57],[843843.16,5931832.34],[843880.15,5931818.2],[843913.74,5931810.69],[843931.19,5931806.79],[843949.58,5931802.69],[843958.17,5931800.77],[843997.56,5931787.61],[844014.88,5931781.83],[844028.52,5931781.22],[844101.54,5931777.93],[844133.39,5931776.5],[844160.66,5931775.27],[844204.8,5931773.29],[844232.11,5931772.06],[844270.53,5931770.33],[844289.73,5931769.47],[844342.27,5931770.85],[844394.53,5931772.0],[844448.4,5931773.19],[844456.0,5931773.36],[844463.51,5931773.59],[844586.3,5931777.4],[844719.4,5931781.53],[844728.23,5931782.03],[844735.81,5931782.45],[844739.38,5931782.73],[844871.04,5931792.96],[844901.18,5931799.97],[844947.23,5931810.68],[844995.26,5931821.85],[845082.15,5931845.68],[845115.62,5931855.89],[845187.15,5931877.71],[845202.49,5931882.4],[845203.45,5931882.69],[845247.8,5931893.43],[845307.52,5931907.88],[845318.56,5931910.55],[845376.27,5931924.51],[845386.95,5931927.1],[845427.85,5931936.99],[845448.95,5931942.1],[845507.29,5931956.22],[845517.46,5931958.68],[845578.62,5931977.17],[845579.04,5931977.29],[845583.1,5931978.52],[845587.52,5931979.85],[845607.46,5931985.88],[845631.4,5931990.69],[845656.09,5931995.65],[845684.14,5932001.28],[845687.75,5932000.04],[845708.97,5931992.77],[845730.29,5931985.47],[845749.74,5931978.81],[845763.16,5931973.99],[845798.55,5931961.3],[845804.38,5931959.21],[845825.78,5931978.65],[845844.13,5931995.33],[845898.6,5932047.53],[845953.76,5932100.1],[846005.78,5932148.44],[846010.41,5932152.74],[846124.5,5932259.01],[846142.28,5932279.36],[846187.2,5932340.74],[846209.14,5932373.11],[846220.42,5932389.76],[846192.15,5932405.35],[846251.24,5932514.63],[846267.53,5932542.77],[846286.33,5932582.47],[846306.88,5932629.69],[846359.14,5932758.19],[846373.36,5932770.17],[846706.78,5933068.3],[846712.03,5933073.0],[846717.65,5933078.04],[846725.8,5933085.34],[846916.06,5933255.93],[846970.35,5933304.61],[846971.18,5933303.7],[846998.87,5933273.45],[847042.02,5933226.3],[847064.45,5933201.81],[847066.78,5933199.26],[847071.03,5933194.62],[847093.99,5933169.54],[847115.03,5933146.54],[847142.61,5933116.42],[847166.61,5933090.2],[847177.49,5933078.32],[847190.31,5933064.31],[847210.52,5933042.23],[847230.67,5933020.21],[847235.83,5933014.58],[847251.89,5932997.04],[847271.91,5932975.17],[847276.95,5932969.65],[847290.16,5932955.38],[847313.87,5932929.76],[847332.48,5932909.65],[847345.98,5932895.06],[847364.94,5932874.57],[847383.04,5932855.0],[847394.69,5932842.42],[847399.1,5932837.65],[847400.68,5932835.95],[847414.11,5932821.43],[847434.73,5932799.14],[847452.04,5932780.44],[847465.74,5932765.63],[847477.86,5932752.53],[847492.05,5932737.2],[847505.65,5932722.5],[847522.89,5932703.87],[847525.45,5932701.11],[847538.1,5932687.43],[847563.74,5932659.72],[847568.96,5932654.08],[847715.42,5932752.66],[847719.27,5932755.25],[847721.36,5932756.66],[847722.19,5932757.22],[847724.07,5932758.49],[847727.06,5932760.5],[847735.26,5932749.79],[847746.25,5932735.43],[847753.77,5932726.39],[847760.28,5932718.55],[847779.82,5932695.04],[847800.46,5932668.12],[847817.53,5932647.21],[847832.08,5932635.79],[847858.95,5932627.27],[847872.21,5932618.65],[847874.95,5932614.11],[847880.81,5932599.42],[847882.92,5932564.1],[847883.91,5932548.68],[847884.35,5932541.75],[847892.48,5932520.07],[847894.42,5932514.9],[847896.69,5932508.84],[847905.28,5932498.07],[847927.02,5932475.41],[847932.08,5932468.17],[847941.53,5932454.63],[847956.44,5932424.19],[847966.84,5932404.52],[847970.63,5932397.34],[847987.23,5932377.65],[848009.93,5932356.16],[848017.5,5932341.39],[848020.25,5932332.33],[848023.71,5932319.26],[848028.53,5932301.08],[848030.52,5932293.58],[848034.49,5932286.17],[848040.75,5932274.49],[848051.85,5932260.39],[848074.77,5932231.27],[848085.79,5932213.24],[848089.42,5932207.3],[848102.17,5932183.48],[848104.11,5932179.87],[848117.91,5932153.46],[848129.54,5932137.66],[848141.26,5932128.89],[848153.41,5932119.81],[848164.81,5932111.28],[848175.03,5932104.24],[848188.42,5932095.01],[848194.13,5932091.07],[848212.54,5932073.25],[848221.69,5932055.46],[848223.36,5932052.2],[848225.01,5932035.8],[848224.04,5932029.67],[848223.9,5932028.75],[848222.26,5932018.35],[848210.7,5931985.89],[848202.26,5931970.8],[848197.56,5931962.38],[848182.45,5931943.98],[848167.45,5931926.91],[848158.03,5931908.06],[848158.19,5931894.94],[848157.96,5931886.97],[848158.18,5931879.08],[848158.34,5931873.02],[848158.57,5931864.64],[848154.52,5931844.06],[848138.88,5931819.94],[848130.11,5931806.09],[848122.28,5931780.49],[848120.03,5931761.76],[848117.38,5931739.54],[848113.1,5931724.43],[848111.0,5931717.02],[848105.3,5931705.02],[848091.27,5931675.51],[848087.91,5931656.52],[848091.17,5931632.78],[848091.73,5931612.7],[848087.6,5931599.05],[848082.64,5931592.31],[848068.72,5931567.6],[848059.69,5931544.31],[848051.29,5931513.2],[848043.57,5931485.77],[848030.16,5931445.54],[848028.2,5931438.99],[848021.59,5931416.89],[848015.04,5931385.78],[848011.77,5931370.25],[848006.11,5931342.59],[847996.57,5931310.84],[847991.5,5931296.53],[847985.92,5931280.78],[847982.58,5931271.37],[847979.24,5931258.78],[847971.88,5931231.0],[847966.99,5931212.54],[847967.07,5931192.24],[847967.13,5931178.12],[847967.5,5931171.23],[847967.67,5931168.17],[847966.66,5931157.33],[847973.36,5931139.46],[847991.38,5931108.82],[848009.11,5931074.7],[848017.75,5931046.77],[848021.49,5931035.32],[848032.23,5931002.49],[848043.25,5930975.63],[848060.06,5930934.62],[848068.48,5930915.19],[848079.88,5930888.9],[848099.4,5930842.55],[848115.19,5930804.15],[848132.53,5930751.2],[848144.93,5930711.88],[848156.57,5930677.92],[848162.64,5930664.25],[848174.84,5930636.79],[848202.01,5930574.07],[848211.4,5930552.39],[848224.01,5930520.3],[848237.21,5930489.14],[848248.95,5930461.42],[848266.34,5930422.88],[848284.47,5930380.22],[848297.87,5930346.13],[848303.56,5930325.33],[848307.17,5930312.13],[848311.99,5930294.06],[848319.75,5930264.96],[848326.24,5930240.64],[848329.33,5930217.56],[848334.8,5930176.62],[848340.03,5930124.85],[848347.41,5930071.11],[848350.54,5930038.26],[848356.89,5930009.88],[848363.52,5929985.55],[848364.22,5929983.0],[848373.44,5929951.38],[848384.75,5929900.61],[848397.13,5929848.03],[848401.88,5929830.1],[848406.15,5929813.99],[848421.96,5929759.76],[848425.51,5929744.42],[848430.57,5929722.58],[848435.2,5929699.25],[848445.95,5929645.05],[848450.54,5929617.75],[848457.53,5929576.22],[848461.35,5929555.03],[848469.78,5929507.46],[848470.51,5929503.35],[848479.12,5929458.8],[848479.98,5929456.45],[848484.11,5929445.14],[848492.4,5929418.42],[848492.42,5929418.34],[848498.61,5929398.37],[848500.41,5929390.11],[848502.36,5929381.12],[848503.26,5929372.43],[848504.46,5929353.65],[848506.35,5929308.54],[848506.81,5929295.75],[848507.13,5929286.58],[848507.49,5929276.5],[848509.81,5929237.88],[848510.61,5929221.63],[848510.98,5929212.99],[848511.77,5929194.83],[848513.24,5929171.91],[848514.67,5929149.77],[848517.17,5929113.44],[848517.95,5929106.05],[848519.01,5929099.81],[848521.16,5929087.18],[848528.77,5929062.41],[848532.88,5929046.38],[848535.77,5929035.12],[848538.44,5929018.71],[848540.51,5929001.73],[848540.86,5928992.17],[848542.28,5928963.71],[848542.95,5928934.94],[848541.8,5928893.37],[848541.54,5928884.08],[848541.33,5928860.28],[848540.87,5928837.24],[848541.38,5928826.25],[848542.48,5928819.72],[848543.9,5928806.46],[848545.19,5928793.98],[848544.92,5928764.95],[848544.6,5928745.56],[848544.47,5928737.3],[848544.32,5928736.07],[848543.96,5928733.18],[848542.54,5928714.58],[848539.35,5928672.77],[848537.12,5928640.7],[848536.51,5928632.81],[848534.88,5928611.71],[848533.99,5928594.84],[848534.21,5928570.22],[848534.32,5928552.84],[848533.27,5928539.11],[848531.61,5928529.33],[848525.98,5928496.11],[848523.15,5928476.77],[848518.02,5928447.41],[848512.86,5928420.97],[848512.24,5928417.79],[848511.07,5928413.36],[848500.14,5928371.82],[848497.38,5928360.64],[848493.88,5928345.24],[848492.34,5928337.75],[848490.03,5928319.28],[848489.71,5928316.74],[848486.72,5928300.38],[848479.2,5928273.3],[848473.84,5928247.55],[848467.24,5928216.58],[848466.79,5928214.47],[848466.0,5928209.58],[848465.09,5928195.72],[848464.87,5928188.55],[848464.61,5928185.86],[848463.95,5928176.87],[848463.34,5928163.58],[848461.58,5928141.17],[848460.76,5928133.96],[848457.64,5928117.53],[848455.52,5928109.31],[848452.62,5928100.89],[848452.24,5928099.8],[848442.71,5928068.95],[848436.07,5928046.04],[848427.17,5928017.3],[848421.71,5928000.02],[848416.41,5927982.62],[848412.65,5927970.28],[848411.43,5927966.26],[848406.17,5927949.01],[848390.94,5927899.07],[848380.13,5927863.64],[848372.98,5927840.65],[848370.06,5927831.25],[848369.65,5927829.4],[848364.08,5927811.02],[848357.83,5927790.8],[848337.35,5927724.5],[848330.97,5927702.72],[848328.49,5927695.43],[848324.21,5927682.87],[848312.38,5927655.44],[848303.73,5927632.21],[848299.15,5927615.6],[848297.02,5927607.87],[848296.08,5927604.52],[848292.27,5927589.36],[848279.88,5927545.09],[848279.35,5927543.17],[848275.79,5927530.77],[848273.53,5927523.13],[848273.0,5927521.32],[848262.42,5927489.82],[848258.66,5927478.57],[848249.62,5927450.73],[848247.09,5927441.95],[848242.09,5927424.6],[848233.03,5927383.32],[848223.9,5927341.68],[848220.39,5927327.68],[848216.75,5927313.19],[848208.09,5927286.66],[848204.43,5927273.63],[848203.01,5927266.82],[848201.26,5927258.4],[848196.96,5927234.52],[848192.81,5927209.9],[848187.01,5927168.73],[848185.96,5927164.64],[848185.45,5927162.67],[848173.85,5927112.9],[848166.56,5927084.5],[848161.57,5927066.63],[848151.79,5927026.54],[848150.15,5927019.85],[848147.95,5927008.31],[848134.7,5926947.96],[848132.24,5926936.78],[848130.21,5926925.14],[848128.55,5926915.65],[848122.51,5926868.19],[848121.5,5926860.94],[848118.53,5926847.19],[848105.9,5926816.41],[848101.94,5926801.58],[848098.73,5926783.88],[848096.15,5926767.81],[848095.8,5926765.62],[848094.9,5926754.87],[848092.84,5926730.15],[848091.23,5926722.06],[848077.83,5926654.72],[848070.97,5926619.34],[848070.08,5926612.69],[848069.54,5926608.7],[848067.17,5926559.59],[848065.89,5926547.88],[848063.17,5926537.1],[848051.7,5926507.87],[848042.01,5926483.9],[848040.52,5926477.67],[848039.46,5926473.23],[848032.62,5926433.08],[848027.02,5926398.97],[848025.56,5926388.21],[848024.56,5926380.85],[848023.65,5926377.62],[848022.98,5926375.25],[848022.32,5926371.55],[848008.25,5926338.72],[847999.14,5926302.43],[847994.78,5926279.21],[847994.22,5926276.21],[847980.33,5926215.48],[847957.72,5926127.36],[847931.99,5926033.28],[847930.03,5926022.24],[847916.39,5925945.34],[847909.32,5925928.38],[847882.41,5925850.18],[847873.02,5925826.32],[847849.3,5925766.08],[847823.05,5925697.38],[847776.91,5925576.64],[847775.63,5925573.51],[847763.93,5925544.89],[847760.43,5925537.97],[847751.0,5925519.26],[847744.86,5925505.47],[847733.07,5925468.9],[847731.22,5925461.59],[847722.61,5925427.57],[847716.61,5925405.62],[847709.64,5925388.24],[847699.73,5925364.62],[847668.76,5925290.9],[847664.41,5925280.54],[847663.89,5925279.31],[847631.92,5925202.65],[847586.54,5925105.05],[847584.81,5925101.5],[847578.91,5925089.35],[847529.94,5924982.78],[847528.53,5924979.71],[847452.87,5924812.49],[847437.46,5924778.17],[847405.86,5924707.78],[847336.64,5924554.57],[847306.99,5924488.96],[847306.03,5924487.0],[847274.73,5924422.92],[847268.57,5924410.32],[847258.29,5924391.25],[847244.83,5924368.76],[847189.78,5924278.52],[847179.16,5924261.11],[847113.42,5924153.39],[847103.48,5924137.1],[847064.65,5924075.06],[847061.26,5924069.64],[847023.41,5924009.17],[847004.58,5923978.02],[846992.96,5923958.81],[846964.17,5923906.07],[846931.08,5923845.43],[846912.76,5923809.46],[846905.6,5923795.41],[846882.89,5923746.5],[846881.45,5923743.49],[846867.66,5923714.6],[846841.69,5923660.17],[846823.76,5923625.75],[846809.39,5923600.31],[846790.15,5923567.48],[846705.32,5923422.77],[846675.62,5923371.04],[846579.55,5923203.76],[846496.17,5923058.49],[846441.67,5922981.56],[846395.39,5922916.24],[846346.5,5922846.5],[846323.84,5922819.78],[846316.22,5922811.3],[846262.75,5922751.87],[846223.01,5922707.36],[846211.5,5922694.6],[846203.77,5922686.02],[846060.54,5922528.34],[846047.26,5922513.72],[845947.04,5922376.83],[845944.94,5922373.97],[845938.88,5922365.68],[845927.48,5922349.93],[845874.19,5922276.27],[845853.03,5922247.01],[845812.48,5922190.96],[845755.15,5922111.72],[845737.39,5922087.43],[845701.97,5922038.97],[845676.41,5922004.01],[845602.03,5921902.25],[845550.46,5921830.21],[845505.3,5921766.36],[845500.51,5921759.68],[845459.46,5921702.59],[845459.14,5921702.15],[845438.18,5921673.0],[845411.86,5921636.39],[845402.35,5921623.17],[845379.5,5921591.39],[845324.03,5921514.25],[845306.03,5921489.22],[845271.1,5921440.63],[845240.21,5921397.67],[845190.03,5921327.88],[845189.42,5921327.05],[845165.19,5921294.14],[845149.9,5921275.42],[845129.69,5921251.48],[845076.95,5921189.03],[844983.01,5921077.78],[844976.63,5921070.15],[844924.21,5921007.42],[844853.17,5920921.78],[844768.93,5920820.21],[844761.52,5920811.28],[844755.85,5920804.34],[844695.41,5920732.05],[844669.73,5920703.4],[844666.23,5920699.5],[844649.86,5920680.94],[844635.1,5920664.82],[844633.44,5920663.0],[844623.71,5920652.39],[844617.44,5920645.56],[844573.63,5920597.64],[844554.23,5920575.57],[844510.37,5920526.07],[844501.97,5920516.59],[844471.35,5920477.79],[844467.38,5920472.76],[844441.81,5920438.6],[844438.6,5920433.83],[844417.27,5920402.04],[844394.2,5920368.09],[844355.35,5920320.75],[844343.78,5920306.65],[844274.9,5920220.17],[844268.21,5920211.76],[844216.07,5920146.31],[844208.99,5920138.85],[844162.08,5920089.48],[844124.53,5920049.97],[844118.69,5920043.83],[844073.84,5919996.63],[844027.55,5919947.91],[844011.67,5919931.2],[844006.31,5919925.57],[843949.21,5919866.26],[843946.1,5919863.02],[843942.17,5919858.94],[843935.04,5919851.54],[843886.07,5919800.68],[843844.26,5919757.26],[843801.84,5919713.2],[843759.97,5919669.72],[843707.07,5919614.77],[843694.87,5919602.11],[843653.9,5919559.55],[843618.44,5919522.72],[843611.6,5919515.62],[843610.53,5919507.94],[843549.67,5919449.11],[843527.68,5919425.44],[843467.75,5919360.92],[843441.02,5919332.14],[843385.52,5919272.39],[843357.43,5919242.15],[843302.55,5919183.06],[843275.74,5919154.2],[843254.84,5919131.7],[843228.61,5919104.44],[843218.96,5919094.41],[843211.76,5919086.92],[843193.75,5919068.2],[843174.36,5919048.04],[843119.74,5918997.56],[843110.58,5918989.09],[843018.57,5918904.04],[843015.58,5918901.27],[842955.14,5918845.41],[842919.99,5918812.59],[842909.48,5918802.78],[842819.54,5918718.81],[842731.0,5918636.14],[842666.97,5918576.36],[842642.85,5918553.84],[842611.47,5918524.55],[842556.38,5918466.47],[842552.44,5918462.32],[842543.03,5918452.03],[842513.88,5918420.95],[842496.82,5918402.76],[842480.32,5918385.17],[842398.15,5918297.56],[842374.87,5918272.74],[842359.69,5918256.56],[842329.44,5918224.09],[842301.48,5918194.08],[842281.44,5918172.38],[842239.13,5918123.88],[842219.65,5918101.54],[842165.43,5918039.37],[842159.86,5918032.99],[842137.74,5918006.73],[842092.62,5917947.19],[842089.3,5917942.8],[842060.22,5917901.98],[841990.25,5917805.25],[841967.8,5917774.21],[841926.28,5917716.82],[841922.51,5917711.6],[841898.37,5917678.2],[841886.48,5917661.74],[841840.68,5917598.36],[841819.41,5917568.93],[841811.15,5917557.5],[841787.79,5917525.09],[841784.9,5917521.0],[841766.71,5917495.18],[841729.16,5917441.89],[841703.07,5917401.75],[841690.89,5917383.0],[841685.13,5917374.15],[841683.09,5917371.0],[841679.0,5917364.91],[841671.8,5917354.2],[841667.62,5917347.98],[841663.37,5917341.63],[841651.8,5917324.41],[841648.5,5917319.91],[841643.12,5917312.36],[841617.22,5917276.01],[841585.15,5917230.48],[841580.0,5917223.16],[841555.3,5917188.09],[841552.94,5917184.74],[841524.75,5917144.72],[841472.83,5917071.01],[841465.44,5917060.52],[841408.47,5916979.64],[841339.42,5916892.32],[841338.06,5916890.59],[841334.9,5916885.32],[841329.72,5916876.65],[841325.76,5916871.85],[841323.25,5916868.8],[841302.65,5916843.81],[841265.0,5916798.14],[841245.17,5916774.07],[841234.38,5916760.87],[841231.14,5916757.05],[841172.74,5916684.25],[841153.6,5916660.38],[841143.67,5916647.99],[841124.75,5916624.37],[841116.38,5916613.92],[841096.09,5916588.8],[841072.6,5916559.71],[841050.57,5916533.86],[841027.98,5916509.24],[841018.56,5916499.18],[841013.7,5916493.99],[840991.55,5916470.33],[840977.53,5916455.35],[840920.57,5916394.5],[840907.84,5916380.91],[840903.09,5916375.48],[840877.45,5916346.18],[840825.87,5916287.07],[840797.36,5916254.39],[840765.78,5916218.2],[840751.66,5916199.75],[840748.27,5916194.9],[840738.95,5916181.53],[840733.78,5916173.85],[840714.45,5916145.14],[840694.07,5916114.88],[840632.58,5916023.54],[840624.81,5916012.01],[840598.7,5915973.23],[840586.43,5915955.01],[840571.01,5915931.53],[840565.34,5915922.91],[840558.58,5915912.62],[840539.86,5915880.69],[840529.65,5915863.3],[840506.28,5915819.19],[840502.86,5915812.73],[840464.98,5915741.26],[840443.31,5915700.38],[840424.66,5915665.18],[840413.57,5915644.25],[840412.48,5915642.19],[840406.78,5915630.63],[840366.06,5915548.05],[840353.18,5915518.73],[840344.9,5915499.88],[840327.77,5915455.08],[840324.19,5915445.71],[840313.05,5915416.58],[840311.99,5915413.56],[840292.1,5915357.24],[840279.52,5915323.66],[840268.38,5915294.27],[840264.76,5915282.85],[840260.32,5915268.79],[840254.71,5915251.04],[840249.34,5915225.7],[840247.21,5915215.02],[840246.88,5915213.4],[840241.79,5915187.87],[840227.23,5915108.96],[840211.32,5915022.76],[840209.84,5915014.73],[840208.59,5915007.95],[840188.43,5914898.69],[840187.94,5914896.05],[840187.56,5914893.96],[840182.89,5914855.93],[840176.94,5914799.67],[840175.48,5914785.91],[840174.69,5914777.4],[840173.67,5914766.3],[840172.31,5914751.6],[840166.56,5914689.3],[840163.6,5914657.21],[840161.45,5914633.92],[840155.57,5914582.12],[840153.31,5914568.19],[840148.41,5914537.94],[840147.07,5914530.46],[840141.25,5914497.92],[840125.8,5914416.63],[840126.14,5914412.27],[840127.55,5914393.95],[840127.94,5914390.45],[840128.92,5914381.55],[840131.69,5914349.11],[840131.72,5914342.34],[840131.84,5914312.06],[840129.64,5914284.69],[840128.91,5914275.68],[840124.87,5914244.23],[840118.98,5914206.21],[840114.93,5914184.21],[840113.09,5914174.21],[840112.37,5914170.29],[840104.92,5914131.27],[840097.38,5914091.78],[840094.45,5914073.97],[840089.03,5914041.03],[840084.99,5914004.84],[840084.63,5914001.53],[840080.3,5913960.38],[840075.83,5913917.83],[840074.58,5913905.92],[840067.05,5913853.52],[840060.85,5913835.17],[840044.94,5913799.8],[840038.54,5913780.87],[840036.05,5913766.51],[840034.32,5913750.09],[840033.97,5913746.72],[840030.41,5913699.11],[840028.19,5913669.36],[840025.88,5913635.55],[840023.83,5913621.85],[840023.32,5913618.48],[840014.89,5913571.53],[840012.71,5913558.88],[840011.02,5913549.11],[840004.62,5913512.09],[840003.66,5913501.21],[840005.81,5913501.12],[840008.26,5913501.02],[840168.26,5913494.38],[840243.13,5913491.42],[840325.83,5913489.06],[840358.07,5913487.74],[840403.32,5913486.48],[840479.19,5913484.37],[840670.19,5913476.96],[840915.58,5913466.94],[841022.05,5913467.37],[841022.8,5913469.24],[841028.3,5913488.44],[841026.18,5913501.88],[841023.98,5913515.91],[841015.67,5913568.68],[841171.76,5913548.6],[841194.69,5913545.64],[841199.47,5913545.03],[841200.62,5913524.61],[841203.94,5913465.84],[841215.63,5913461.96],[841216.46,5913446.45],[841217.56,5913425.95],[841245.97,5913430.39],[841390.99,5913453.05],[841508.06,5913471.34],[841535.26,5913475.45],[841562.2,5913479.8],[841600.77,5913485.83],[841671.27,5913496.84],[841734.14,5913506.67],[841740.51,5913564.99],[841782.79,5913566.97],[841799.71,5913567.76],[841839.72,5913578.6],[841869.74,5913586.73],[841922.47,5913601.02],[841962.51,5913611.87],[841961.8,5913620.1],[841958.37,5913659.46],[841956.58,5913680.13],[842003.04,5913689.25],[842078.79,5913704.11],[842117.02,5913703.67],[842140.43,5913703.41],[842173.34,5913731.35],[842226.38,5913761.66],[842278.08,5913791.2],[842376.47,5913874.52],[842407.57,5913900.85],[842451.89,5913909.61],[842477.44,5913888.33],[842505.57,5913896.09],[842531.87,5913914.61],[842623.08,5913978.83],[842628.77,5913982.83],[842630.73,5913984.22],[842695.4,5914027.72],[842711.88,5914037.37],[842732.76,5914049.44],[842766.67,5914069.05],[842793.92,5914088.5],[842836.09,5914118.59],[842847.42,5914126.67],[842893.49,5914159.55],[842923.78,5914150.81],[842978.51,5914175.37],[842998.82,5914184.82],[843060.06,5914213.3],[843111.4,5914221.76],[843183.39,5914218.8],[843199.07,5914217.93],[843201.39,5914220.41],[843226.03,5914246.78],[843281.64,5914246.96],[843337.02,5914265.71],[843343.24,5914267.86],[843345.56,5914268.66],[843347.17,5914269.46],[843385.89,5914288.88],[843432.91,5914321.65],[843444.99,5914325.01],[843476.16,5914333.69],[843547.54,5914333.67],[843586.52,5914333.75],[843631.46,5914348.16],[843721.31,5914382.61],[843757.66,5914402.7],[843788.77,5914419.88],[843814.85,5914431.28],[843852.23,5914447.63],[843895.71,5914438.7],[843939.57,5914459.23],[843960.97,5914468.86],[843963.92,5914477.67],[843977.74,5914479.93],[844010.11,5914485.23],[844040.14,5914486.0],[844084.52,5914485.82],[844118.28,5914490.14],[844153.35,5914487.17],[844202.98,5914479.01],[844252.39,5914465.86],[844264.49,5914460.12],[844294.15,5914437.05],[844320.98,5914405.43],[844338.18,5914390.66],[844352.77,5914378.13],[844368.95,5914365.51],[844372.95,5914363.84],[844380.14,5914360.86],[844435.84,5914337.68],[844477.78,5914316.86],[844478.7,5914316.5],[844486.47,5914312.65],[844493.16,5914309.33],[844542.4,5914284.93],[844560.41,5914240.23],[844601.97,5914235.53],[844627.28,5914230.57],[844638.83,5914228.46],[844653.94,5914223.64],[844679.18,5914215.59],[844730.58,5914210.96],[844763.84,5914209.09],[844786.14,5914205.78],[844874.12,5914182.3],[844876.04,5914177.53],[844879.45,5914168.93],[844889.39,5914143.88],[844901.39,5914123.53],[844927.55,5914110.55],[844977.63,5914089.82],[845034.93,5914024.0],[845066.65,5913992.88],[845094.12,5913966.04],[845097.6,5913964.51],[845128.82,5913950.84],[845132.39,5913927.4],[845191.88,5913921.72],[845231.72,5913917.91],[845357.66,5913906.15],[845360.06,5913918.39],[845377.92,5913921.08],[845379.37,5913921.3],[845528.41,5913943.79],[845559.31,5913949.62],[845587.59,5913954.04],[845620.9,5913942.58],[845656.78,5913930.24],[845680.62,5913922.03],[845700.46,5913915.17],[845747.68,5913898.88],[845752.15,5913915.31],[845754.64,5913892.94],[845758.11,5913861.79],[845758.67,5913850.7],[845769.02,5913839.34],[845810.23,5913830.21],[845850.62,5913819.74],[845882.79,5913811.39],[845919.96,5913822.2],[845942.63,5913832.34],[845972.69,5913853.84],[845992.17,5913867.27],[846014.64,5913883.7],[846017.56,5913885.55],[846055.21,5913907.41],[846094.49,5913920.31],[846127.06,5913928.1],[846159.24,5913917.73],[846176.34,5913914.77],[846196.32,5913913.24],[846240.27,5913912.9],[846276.29,5913912.63],[846314.24,5913910.19],[846335.2,5913916.95],[846346.2,5913920.5],[846364.78,5913926.49],[846382.82,5913932.3],[846386.62,5913933.52],[846397.73,5913939.69],[846408.72,5913953.97],[846416.77,5913964.43],[846429.48,5913980.93],[846452.75,5914011.15],[846491.69,5913963.86],[846501.87,5913955.31],[846583.5,5913883.09],[846598.15,5913872.52],[846637.63,5913919.61],[846640.36,5913924.18],[846643.05,5913927.43],[846725.89,5914027.24],[846760.52,5913986.13],[846794.2,5913943.05],[846796.89,5913942.96],[846844.73,5913943.82],[846857.23,5913920.61],[846860.32,5913914.88],[846884.32,5913870.33],[846918.71,5913807.27],[846904.18,5913792.89],[846899.64,5913774.04],[846903.11,5913762.11],[846933.53,5913725.05],[846975.25,5913698.6],[847030.78,5913706.86],[847047.99,5913701.35],[847068.52,5913694.79],[847084.15,5913689.79],[847112.38,5913680.76],[847131.91,5913674.52],[847152.47,5913667.94],[847155.42,5913666.99],[847209.61,5913649.66],[847237.09,5913640.88],[847280.31,5913627.05],[847296.17,5913600.62],[847314.94,5913550.35],[847349.84,5913499.58],[847371.68,5913467.81],[847377.38,5913460.67],[847389.58,5913450.57],[847443.89,5913382.01],[847520.77,5913291.33],[847667.27,5913340.4],[847711.02,5913357.45],[847899.27,5913422.86],[847904.77,5913420.61],[847909.13,5913418.83],[847913.4,5913417.08],[847929.29,5913410.65],[847949.79,5913402.36],[848026.41,5913431.47],[848070.93,5913448.38],[848074.23,5913449.63],[848085.84,5913454.04],[848090.38,5913455.77],[848095.71,5913457.79],[848099.67,5913459.3],[848104.79,5913461.24],[848110.28,5913463.33],[848131.32,5913464.65],[848135.57,5913464.91],[848149.98,5913470.43],[848154.44,5913472.14],[848154.81,5913472.28],[848158.58,5913473.72],[848163.2,5913475.49],[848167.91,5913477.3],[848172.3,5913478.98],[848175.79,5913480.31],[848179.23,5913481.63],[848179.79,5913481.84],[848181.21,5913482.39],[848182.0,5913482.69],[848186.06,5913484.24],[848201.77,5913490.26],[848247.25,5913507.67],[848295.63,5913526.2],[848329.47,5913539.15],[848344.66,5913544.97],[848380.63,5913558.74],[848395.26,5913564.34],[848410.71,5913570.26],[848426.92,5913576.47],[848433.72,5913579.07],[848443.78,5913582.38],[848455.18,5913586.13],[848469.69,5913562.8],[848487.23,5913569.76],[848516.64,5913581.43],[848547.35,5913593.62],[848551.75,5913595.48],[848565.93,5913601.49],[848583.36,5913608.86],[848636.83,5913503.67],[848644.44,5913507.0],[848678.16,5913521.72],[848706.49,5913499.15],[848710.64,5913495.84],[848717.54,5913493.5],[848722.28,5913495.87],[848736.84,5913503.03],[848739.33,5913504.26],[848752.07,5913510.54],[848754.44,5913511.7],[848761.0,5913514.93],[848757.14,5913520.04],[848768.07,5913522.1],[848784.29,5913525.15],[848814.34,5913538.83],[848830.65,5913546.25],[848863.28,5913561.11],[848894.56,5913575.35],[848937.95,5913595.11],[848973.45,5913603.72],[849016.01,5913611.28],[849030.59,5913618.28],[849049.7,5913627.44],[849089.99,5913648.4],[849158.41,5913649.93],[849179.76,5913650.41],[849230.94,5913652.63],[849330.1,5913658.82],[849389.88,5913662.54],[849405.89,5913663.54],[849441.94,5913667.96],[849498.12,5913674.86],[849523.56,5913682.16],[849538.67,5913686.73],[849551.34,5913690.56],[849551.59,5913690.64],[849564.33,5913694.49],[849576.75,5913698.25],[849587.24,5913701.42],[849598.5,5913704.82],[849608.14,5913707.74],[849620.02,5913711.33],[849630.15,5913714.39],[849631.99,5913714.95],[849634.68,5913715.72],[849650.66,5913720.27],[849663.2,5913723.85],[849675.23,5913727.28],[849687.04,5913730.64],[849698.52,5913733.91],[849708.77,5913736.84],[849712.83,5913736.07],[849715.53,5913735.57],[849717.43,5913735.21],[849767.35,5913725.82],[849779.9,5913723.46],[849791.51,5913721.28],[849805.47,5913718.65],[849814.21,5913717.01],[849828.5,5913714.32],[849838.9,5913712.34],[849850.02,5913710.23],[849861.52,5913708.04],[849871.95,5913706.06],[849882.68,5913704.02],[849893.69,5913701.93],[849904.83,5913699.81],[849915.88,5913697.71],[849922.62,5913696.4],[849925.23,5913698.69],[849932.42,5913704.95],[849938.81,5913710.51],[849945.72,5913716.54],[849953.3,5913723.13],[849959.5,5913728.53],[849964.51,5913732.88],[849966.83,5913734.46],[849967.91,5913735.19],[849971.55,5913737.68],[849982.43,5913742.95],[849990.56,5913746.87],[849997.35,5913750.13],[850004.2,5913753.44],[850013.61,5913757.97],[850020.89,5913761.47],[850028.53,5913765.15],[850035.76,5913768.63],[850041.48,5913771.39],[850045.21,5913773.17],[850050.57,5913772.35],[850059.49,5913770.95],[850071.1,5913769.13],[850078.8,5913767.92],[850089.37,5913766.26],[850098.78,5913764.78],[850109.36,5913763.12],[850117.83,5913761.79],[850127.35,5913760.29],[850134.49,5913759.17],[850144.33,5913757.63],[850153.81,5913756.14],[850162.12,5913754.83],[850169.71,5913753.64],[850177.05,5913752.48],[850185.34,5913751.18],[850191.99,5913750.14],[850201.83,5913748.59],[850211.3,5913747.1],[850221.37,5913745.52],[850227.59,5913748.51],[850233.62,5913751.41],[850236.28,5913752.69],[850239.04,5913754.32],[850246.22,5913758.56],[850253.62,5913762.93],[850261.74,5913767.73],[850267.04,5913770.86],[850273.99,5913774.96],[850280.17,5913778.61],[850285.02,5913781.48],[850291.54,5913785.33],[850297.67,5913788.96],[850303.22,5913792.23],[850308.99,5913795.64],[850314.19,5913798.71],[850321.71,5913803.15],[850327.56,5913806.61],[850333.92,5913810.37],[850339.78,5913813.83],[850345.29,5913817.08],[850350.63,5913820.24],[850357.72,5913824.43],[850362.57,5913825.3],[850370.05,5913826.63],[850376.31,5913827.75],[850382.33,5913828.82],[850385.37,5913829.36],[850391.66,5913830.49],[850398.62,5913831.73],[850406.52,5913833.14],[850413.87,5913834.45],[850420.68,5913835.67],[850427.67,5913836.92],[850435.66,5913838.34],[850441.8,5913839.44],[850450.21,5913840.94],[850457.16,5913842.18],[850465.33,5913843.64],[850471.71,5913844.78],[850479.45,5913846.16],[850483.11,5913846.81],[850486.5,5913847.42],[850492.79,5913848.54],[850494.19,5913848.94],[850500.34,5913850.7],[850507.09,5913852.62],[850513.6,5913854.48],[850519.85,5913856.27],[850526.44,5913858.15],[850532.73,5913859.94],[850539.45,5913861.87],[850541.58,5913862.47],[850544.19,5913863.22],[850546.52,5913863.88],[850553.04,5913865.75],[850560.06,5913867.75],[850566.58,5913869.61],[850572.97,5913871.44],[850579.93,5913873.42],[850587.81,5913875.68],[850594.88,5913877.69],[850601.78,5913879.66],[850608.22,5913881.5],[850616.15,5913883.77],[850624.7,5913886.21],[850632.33,5913888.39],[850638.44,5913890.13],[850646.49,5913892.43],[850652.25,5913894.08],[850658.99,5913896.0],[850666.75,5913898.22],[850672.37,5913899.82],[850680.0,5913902.0],[850685.93,5913903.7],[850692.21,5913905.49],[850697.31,5913906.94],[850697.44,5913906.39],[850698.17,5913906.05],[850698.82,5913906.51],[850698.89,5913906.94],[850698.72,5913907.35],[850698.98,5913907.42],[850705.06,5913909.16],[850713.58,5913911.59],[850715.29,5913912.08],[850725.73,5913915.93],[850738.85,5913920.77],[850751.55,5913925.46],[850764.14,5913930.11],[850769.11,5913931.94],[850776.95,5913934.84],[850783.47,5913937.24],[850791.21,5913940.1],[850804.6,5913945.04],[850814.54,5913948.71],[850819.84,5913950.67],[850849.46,5913961.6],[850864.06,5913966.99],[850923.59,5913988.96],[850927.53,5913990.42],[850997.98,5914016.34],[851033.78,5914029.52],[851043.92,5914034.64],[851073.39,5914049.5],[851103.1,5914064.49],[851113.04,5914072.79],[851125.36,5914083.08],[851140.0,5914095.32],[851136.57,5914116.48],[851134.22,5914131.02],[851111.63,5914236.1],[851084.25,5914371.33],[851079.57,5914398.12],[851048.57,5914567.63],[851050.98,5914609.87],[851055.46,5914687.3],[851035.81,5914777.11],[851031.21,5914797.85],[851039.65,5914802.17],[851052.45,5914808.71],[851058.48,5914811.8],[851060.63,5914812.9],[851060.29,5914827.03],[851047.51,5914888.41],[851008.32,5915076.27],[850995.23,5915125.77],[850993.34,5915132.92],[850992.11,5915137.57],[850983.37,5915169.38],[850965.12,5915250.67],[850959.39,5915270.64],[850915.85,5915422.43],[850907.64,5915449.88],[850906.34,5915454.27],[850893.95,5915495.73],[850875.01,5915553.08],[850857.17,5915595.32],[850819.34,5915687.64],[850810.55,5915707.5],[850802.33,5915727.25],[850783.84,5915771.71],[850754.86,5915842.32],[850709.24,5915953.46],[850698.62,5915978.96],[850716.77,5915974.1],[850737.1,5915968.65],[850903.51,5916058.27],[851091.87,5916162.14],[851133.5,5916208.51],[851143.63,5916219.79],[851233.65,5916271.26],[851315.83,5916318.11],[851322.1,5916321.81],[851415.59,5916371.59],[851477.67,5916397.99],[851534.94,5916437.72],[851636.61,5916508.26],[851645.69,5916511.91],[851646.7,5916512.32],[851781.18,5916566.44],[851870.37,5916600.95],[851919.74,5916634.05],[852089.43,5916692.28],[852176.59,5916720.59],[852334.8,5916791.75],[852377.14,5916810.08],[852384.94,5916813.45],[852397.67,5916803.43],[852423.65,5916816.64],[852448.05,5916829.04],[852522.7,5916866.99],[852565.08,5916891.61],[852580.51,5916900.57],[852599.84,5916911.8],[852607.46,5916916.23],[852630.71,5916929.77],[852657.68,5916945.48],[852673.63,5916954.77],[852682.39,5916959.88],[852691.47,5916965.17],[852733.81,5916989.8],[852763.22,5916947.21],[852829.42,5916972.6],[852936.56,5917017.06],[852971.3,5917040.88],[853114.16,5917123.95],[853183.41,5917168.52],[853218.73,5917191.25],[853249.76,5917211.2],[853264.0,5917199.23],[853317.7,5917238.53],[853305.13,5917257.56],[853261.2,5917324.15],[853295.89,5917358.23],[853260.14,5917405.5],[853216.04,5917463.77],[853248.55,5917510.87],[853258.76,5917528.86],[853267.11,5917547.07],[853276.47,5917577.89],[853282.48,5917602.99],[853291.1,5917646.09],[853301.02,5917676.67],[853310.35,5917698.28],[853322.1,5917714.0],[853329.92,5917728.09],[853335.41,5917754.55],[853343.42,5917788.1],[853357.75,5917809.75],[853376.93,5917836.52],[853398.25,5917875.33],[853410.87,5917910.44],[853411.51,5917912.31],[853402.94,5917916.37],[853406.04,5917923.01],[853409.26,5917929.88],[853409.53,5917931.46],[853412.82,5917950.84],[853429.15,5917995.6],[853455.41,5918071.91],[853466.66,5918101.8],[853476.19,5918118.89],[853493.53,5918141.67],[853501.0,5918151.0],[853513.47,5918166.54],[853529.99,5918197.87],[853551.24,5918247.23],[853572.72,5918294.65],[853609.93,5918373.94],[853634.73,5918437.41],[853652.15,5918478.63],[853661.74,5918493.4],[853689.05,5918521.41],[853714.81,5918539.63],[853699.26,5918538.89],[853731.53,5918635.69],[853731.78,5918636.14],[853737.28,5918646.35],[853785.06,5918756.5],[853793.51,5918787.61],[853805.37,5918788.16],[853830.69,5918801.54],[853835.43,5918823.21],[853803.25,5918824.1],[853816.6,5918853.98],[853855.61,5918926.12],[853897.67,5918995.78],[853905.95,5919014.18],[853907.84,5919036.47],[853917.86,5919078.57],[853884.05,5919172.17],[853900.52,5919229.28],[853913.91,5919254.66],[853917.72,5919263.31],[853922.65,5919307.53],[853958.33,5919382.92],[853987.82,5919459.12],[853995.12,5919478.0],[854020.86,5919510.99],[854057.98,5919558.6],[854061.41,5919578.33],[854071.69,5919662.79],[854062.52,5919695.19],[854038.54,5919742.26],[854008.24,5919824.24],[854051.52,5919838.13],[854052.85,5919854.11],[854052.03,5919858.52],[854051.29,5919862.46],[854055.37,5919926.72],[854053.75,5920039.15],[854053.16,5920080.32],[854047.12,5920191.25],[854234.3,5920195.87],[854349.05,5920195.66],[854406.05,5920192.51],[854452.13,5920186.22],[854494.45,5920176.08],[854533.96,5920168.48],[854570.11,5920162.56],[854606.14,5920156.24],[854645.95,5920154.15],[854655.23,5920153.67],[854702.65,5920161.13],[854829.38,5920182.4],[854832.42,5920182.87],[854836.68,5920183.55],[854858.25,5920186.99],[854876.24,5920193.72],[854895.68,5920201.2],[854920.45,5920196.53],[854963.4,5920186.02],[854981.17,5920182.5],[855005.21,5920177.52],[855024.64,5920174.29],[855068.28,5920163.85],[855092.14,5920158.13],[855149.65,5920155.4],[855223.35,5920152.88],[855274.24,5920146.96],[855461.9,5920125.12],[855615.18,5920107.06],[855633.4,5920107.35],[855706.94,5920115.62],[855771.46,5920126.36],[855864.31,5920129.36],[855878.21,5920128.65],[855941.7,5920118.81],[855990.1,5920119.13],[856092.03,5920106.44],[856150.77,5920104.66],[856195.11,5920127.34],[856197.94,5920128.79],[856183.97,5920146.03],[856184.96,5920165.35],[856186.98,5920186.03],[856198.16,5920205.54],[856206.77,5920213.55],[856233.4,5920260.92],[856251.0,5920292.23],[856257.12,5920347.0],[856264.41,5920364.28],[856271.64,5920396.65],[856293.57,5920448.76],[856294.75,5920451.55],[856297.88,5920463.39],[856311.4,5920510.57],[856311.39,5920529.22],[856418.44,5920565.41],[856425.07,5920567.65],[856432.72,5920570.91],[856469.58,5920582.96],[856533.32,5920600.96],[856614.92,5920619.45],[856654.76,5920629.8],[856707.57,5920643.51],[856725.81,5920647.63],[856760.25,5920657.98],[856786.29,5920665.8],[856789.18,5920666.61],[856820.76,5920675.42],[856899.02,5920693.93],[856983.6,5920719.2],[857090.45,5920747.44],[857071.86,5920797.73],[857061.87,5920826.77],[857055.93,5920844.05],[857045.59,5920886.43],[857037.67,5920934.27],[857032.56,5920978.73],[857031.77,5921011.11],[857035.16,5921019.66],[857064.98,5921019.23],[857077.79,5921018.31],[857108.99,5921014.03],[857130.8,5921012.84],[857188.55,5921021.75],[857228.86,5921027.38],[857255.31,5921031.07],[857302.22,5921032.2],[857310.72,5921032.71],[857315.76,5921031.27],[857330.91,5921027.49],[857339.19,5921025.43],[857340.22,5921025.18],[857360.31,5921008.2],[857394.36,5920984.09],[857441.04,5920951.34],[857442.21,5920944.33],[857443.84,5920934.59],[857522.13,5920878.78],[857586.58,5920831.72],[857615.12,5920811.09],[857622.89,5920812.68],[857633.54,5920814.85],[857798.96,5920844.43],[857824.51,5920847.62],[857850.32,5920844.25],[857864.5,5920842.4],[857868.89,5920841.83],[857874.01,5920841.16],[857889.18,5920839.18],[857903.88,5920837.26],[857912.03,5920836.2],[857924.76,5920841.59],[857943.79,5920849.64],[857976.71,5920863.26],[857995.55,5920883.88],[858082.44,5920997.16],[858084.32,5921000.68],[858086.56,5921007.63],[858096.99,5921034.51],[858101.74,5921046.76],[858112.2,5921068.2],[858123.92,5921085.15],[858129.2,5921092.79],[858143.4,5921121.5],[858151.59,5921145.44],[858169.43,5921197.37],[858172.18,5921203.72],[858173.8,5921212.32],[858173.91,5921212.88],[858176.9,5921228.73],[858190.39,5921232.68],[858193.69,5921234.66],[858201.08,5921239.08],[858215.99,5921259.72],[858235.01,5921304.33],[858237.84,5921309.46],[858244.32,5921321.2],[858256.54,5921346.95],[858264.29,5921374.59],[858266.2,5921385.41],[858267.58,5921393.19],[858264.88,5921421.01],[858262.93,5921441.25],[858262.04,5921450.48],[858262.45,5921498.04],[858259.38,5921563.07],[858256.51,5921624.1],[858258.42,5921657.19],[858258.03,5921672.65],[858257.09,5921708.27],[858256.28,5921739.23],[858255.67,5921762.56],[858255.31,5921776.17],[858328.9,5921819.21],[858391.41,5921862.24],[858410.36,5921875.36],[858451.76,5921890.77],[858597.59,5921969.2],[858647.13,5922023.49],[858756.12,5922121.71],[858781.55,5922144.62],[858787.78,5922150.22],[858904.86,5922247.44],[858930.91,5922269.07],[859060.17,5922373.75],[859082.27,5922384.94],[859096.38,5922392.09],[859149.48,5922418.98],[859219.1,5922454.25],[859251.31,5922470.42],[859362.76,5922526.39],[859400.73,5922545.45],[859415.73,5922552.98],[859444.02,5922567.19],[859446.71,5922568.54],[859585.29,5922597.98],[859611.13,5922603.19],[859673.81,5922613.23],[859680.3,5922615.18],[859814.05,5922623.92],[859877.18,5922628.04],[859938.63,5922637.82],[859953.46,5922640.18],[859956.91,5922640.04],[859988.68,5922638.6],[860058.77,5922630.28],[860208.51,5922612.52],[860273.5,5922604.19],[860287.5,5922602.4],[860315.42,5922551.2],[860384.93,5922407.39],[860452.69,5922259.42],[860482.47,5922194.59],[860484.42,5922190.56],[860485.27,5922188.79],[860491.37,5922176.04],[860532.88,5922082.26],[860553.96,5922030.94],[860549.29,5922009.95],[860526.47,5921864.49],[860518.55,5921818.89],[860497.33,5921697.4],[860496.49,5921693.69],[860485.15,5921644.0],[860478.09,5921613.25],[860467.82,5921568.16],[860396.87,5921306.78],[860389.73,5921279.34],[860367.32,5921194.63],[860363.2,5921178.97],[860345.01,5921109.83],[860295.49,5920923.43],[860281.85,5920873.41],[860275.91,5920851.62],[860264.8,5920810.81],[860239.68,5920718.51],[860226.49,5920672.51],[860188.01,5920538.33],[860135.5,5920355.22],[860123.68,5920318.57],[860118.21,5920301.6],[860104.65,5920259.75],[860156.94,5920198.52],[860197.29,5920151.46],[860273.88,5920062.03],[860279.08,5920051.11],[860282.75,5920043.39],[860301.48,5920004.04],[860340.71,5919933.37],[860416.27,5919853.7],[860625.18,5919632.48],[860689.8,5919564.55],[860704.39,5919546.48],[860712.2,5919530.15],[860717.9,5919500.58],[860744.4,5919342.39],[860776.06,5919165.85],[860804.15,5918999.35],[860857.63,5918706.94],[860911.54,5918420.2],[860977.74,5918066.24],[861043.46,5917834.87],[861104.57,5917614.16],[861107.73,5917602.87],[861158.28,5917404.89],[861249.65,5917042.0],[861316.53,5916786.09],[861337.65,5916709.57],[861351.35,5916710.17],[861781.69,5916728.98],[861894.85,5916733.98],[861925.83,5916734.88],[862068.65,5916739.09],[862074.43,5916739.26],[862081.83,5916739.36],[862203.54,5916741.08],[862221.81,5916741.31],[862742.6,5916664.42],[862745.06,5916664.06],[862860.66,5916648.22],[862863.98,5916647.42],[862957.1,5916640.71],[862915.01,5916486.39],[862905.95,5916437.68],[862916.54,5916391.93],[862938.83,5916344.46],[863039.43,5916169.09],[863118.78,5916042.09],[863191.86,5915923.8],[863253.49,5915835.41],[863281.1,5915761.75],[863318.81,5915668.43],[863345.94,5915588.59],[863384.33,5915457.34],[863406.72,5915362.13],[863411.5,5915288.65],[863405.42,5915205.61],[863405.47,5915119.08],[863399.36,5915078.25],[863375.27,5915010.99],[863345.98,5914963.7],[863223.53,5914825.53],[863165.81,5914781.67],[863103.43,5914727.47],[862982.13,5914594.73],[862940.03,5914540.83],[862893.56,5914452.78],[862876.42,5914420.08],[862811.1,5914305.22],[862768.12,5914225.92],[862721.33,5914123.87],[862648.92,5914008.52],[862606.21,5913937.98],[862549.91,5913837.85],[862525.14,5913773.95],[862500.98,5913711.11],[862487.83,5913646.38],[862479.21,5913580.42],[862475.12,5913516.85],[862475.4,5913451.34],[862479.53,5913385.65],[862483.74,5913318.86],[862478.64,5913252.89],[862470.2,5913185.94],[862473.96,5913122.23],[862476.28,5913051.67],[862468.55,5913016.94],[862462.25,5912983.14],[862453.19,5912952.23],[862439.75,5912919.63],[862406.65,5912861.56],[862379.08,5912800.95],[862352.52,5912740.31],[862318.18,5912681.43],[862283.5,5912624.14],[862240.52,5912572.37],[862196.25,5912520.3],[862150.58,5912471.73],[862104.23,5912424.2],[862052.59,5912382.06],[862002.19,5912338.42],[861953.66,5912291.62],[861900.68,5912248.76],[861844.67,5912210.78],[861790.9,5912170.17],[861748.25,5912121.55],[861703.58,5912069.54],[861694.3,5912054.33],[861668.43,5912011.9],[861633.4,5911957.59],[861597.26,5911902.08],[861560.09,5911848.1],[861523.2,5911794.43],[861485.51,5911739.5],[861446.92,5911685.69],[861430.78,5911660.01],[861413.54,5911629.61],[861381.12,5911570.59],[861347.13,5911514.66],[861331.0,5911482.95],[861317.12,5911454.44],[861313.48,5911440.46],[861308.54,5911421.46],[861293.88,5911384.24],[861279.72,5911354.2],[861263.72,5911324.51],[861248.61,5911295.09],[861226.33,5911267.19],[861205.78,5911240.33],[861184.61,5911217.14],[861165.96,5911186.82],[861147.82,5911162.28],[861131.64,5911131.16],[861114.42,5911105.29],[861095.42,5911076.65],[861077.55,5911048.92],[861063.83,5911020.82],[861049.24,5910989.94],[861035.88,5910958.87],[861022.94,5910928.73],[861008.49,5910900.98],[860993.42,5910869.86],[860962.68,5910809.88],[860951.43,5910783.5],[860945.51,5910746.32],[860939.3,5910680.46],[860939.97,5910615.09],[860935.6,5910549.99],[860929.52,5910482.53],[860928.75,5910416.43],[860933.01,5910350.25],[860937.92,5910283.52],[860945.93,5910217.06],[860950.18,5910147.46],[860949.73,5910079.98],[860947.59,5910014.56],[860946.33,5909945.91],[860952.7,5909879.8],[860957.96,5909812.5],[860960.64,5909744.78],[860955.89,5909678.24],[860949.09,5909610.93],[860939.86,5909547.44],[860924.6,5909481.52],[860901.07,5909417.13],[860871.72,5909355.05],[860834.62,5909297.85],[860795.92,5909241.73],[860760.38,5909187.48],[860719.21,5909132.05],[860677.68,5909080.91],[860635.16,5909035.52],[860603.1,5908999.66],[860550.69,5908955.95],[860498.33,5908916.46],[860442.93,5908876.12],[860388.62,5908844.21],[860329.77,5908811.42],[860270.87,5908786.26],[860205.93,5908764.91],[860144.89,5908746.11],[860082.16,5908734.3],[860053.73,5908737.63],[860018.31,5908741.79],[859955.7,5908742.86],[859888.73,5908727.67],[859826.78,5908709.09],[859769.05,5908684.33],[859708.59,5908664.67],[859685.88,5908658.34],[859644.07,5908646.68],[859578.01,5908625.44],[859517.98,5908595.97],[859458.14,5908568.82],[859456.82,5908567.97],[859440.29,5908557.41],[859402.92,5908533.52],[859347.23,5908496.57],[859291.12,5908462.2],[859237.74,5908419.31],[859185.7,5908378.45],[859141.6,5908332.73],[859093.16,5908282.52],[859046.71,5908233.68],[859042.31,5908164.06],[859051.44,5908101.0],[859047.75,5908033.75],[859050.67,5907965.55],[859047.77,5907897.26],[859045.06,5907862.66],[859044.93,5907828.27],[859046.56,5907783.89],[859043.75,5907737.21],[859035.24,5907703.33],[859026.83,5907656.39],[859013.31,5907584.09],[858998.08,5907522.6],[858988.19,5907386.89],[858992.55,5907320.72],[858984.02,5907267.93],[858994.2,5907236.63],[858999.86,5907187.25],[859010.21,5907133.44],[859010.81,5907100.02],[858994.88,5907055.26],[858993.99,5906989.35],[858995.59,5906922.55],[858989.41,5906874.19],[858981.97,5906804.91],[858978.88,5906729.27],[858968.33,5906655.11],[858946.97,5906586.48],[858918.48,5906528.5],[858902.83,5906469.59],[858883.19,5906399.59],[858866.52,5906342.0],[858838.24,5906282.74],[858783.65,5906169.29],[858753.5,5906104.74],[858722.92,5906047.69],[858695.92,5905985.12],[858696.43,5905965.96],[858711.16,5905918.66],[858735.18,5905856.55],[858737.91,5905790.65],[858718.21,5905720.14],[858705.56,5905658.97],[858693.94,5905591.66],[858685.85,5905526.45],[858672.78,5905462.03],[858660.38,5905396.66],[858645.95,5905330.52],[858635.08,5905268.49],[858620.44,5905199.92],[858591.65,5905066.64],[858551.08,5904938.29],[858542.78,5904910.36],[858542.71,5904871.75],[858555.11,5904818.72],[858586.24,5904731.79],[858600.5,5904685.35],[858613.11,5904622.58],[858615.98,5904612.95],[858651.63,5904493.25],[858693.63,5904365.52],[858723.79,5904305.64],[858736.62,5904284.12],[858757.61,5904248.88],[858772.2,5904220.0],[858784.99,5904194.7],[858811.52,5904148.08],[858840.09,5904089.27],[858855.75,5904023.75],[858861.62,5903962.23],[858870.4,5903892.51],[858874.16,5903820.36],[858877.67,5903755.83],[858878.97,5903617.23],[858884.38,5903569.64],[858899.41,5903528.39],[858926.02,5903468.99],[858936.16,5903446.35],[858962.42,5903367.15],[858986.96,5903300.06],[859009.22,5903234.89],[859022.13,5903215.04],[859048.01,5903175.23],[859082.54,5903123.16],[859114.46,5903061.51],[859148.28,5903002.34],[859186.05,5902936.87],[859234.17,5902870.16],[859286.41,5902816.66],[859334.36,5902760.48],[859384.67,5902691.64],[859432.49,5902629.73],[859471.3,5902577.01],[859535.87,5902517.91],[859598.75,5902453.84],[859639.17,5902420.15],[859672.18,5902369.46],[859698.98,5902325.68],[859732.07,5902265.54],[859768.38,5902212.71],[859796.32,5902168.42],[859797.38,5902166.26],[859822.66,5902114.55],[859841.29,5902073.5],[859865.31,5902041.25],[859904.27,5901989.14],[859952.86,5901938.35],[859993.28,5901897.52],[860033.82,5901856.58],[860042.71,5901847.6],[860049.84,5901840.45],[860083.65,5901806.52],[860104.97,5901781.27],[860123.62,5901760.15],[860201.85,5901671.52],[860205.14,5901661.04],[860190.97,5901616.73],[860163.33,5901547.47],[860139.53,5901482.55],[860115.51,5901423.94],[860099.78,5901379.2],[860087.13,5901339.54],[860078.63,5901298.42],[860077.43,5901231.38],[860073.28,5901194.64],[860060.42,5901163.41],[860038.91,5901127.63],[860011.99,5901092.7],[859989.95,5901064.41],[859979.14,5901031.54],[859973.91,5901005.27],[859975.58,5900946.01],[859991.16,5900893.34],[860016.19,5900846.7],[860023.46,5900830.46],[860029.68,5900816.58],[860035.08,5900789.29],[860035.21,5900753.12],[860020.64,5900699.22],[859998.65,5900641.59],[859993.36,5900614.64],[859990.21,5900598.57],[859979.65,5900573.56],[859957.15,5900533.88],[859941.27,5900507.51],[859925.21,5900473.8],[859920.9,5900446.2],[859918.91,5900398.09],[859932.07,5900356.38],[859960.32,5900291.71],[859961.33,5900289.28],[859972.13,5900257.63],[859972.19,5900248.96],[859972.44,5900213.23],[859971.33,5900179.86],[859954.17,5900147.16],[859946.9,5900137.97],[859933.46,5900121.0],[859911.35,5900089.89],[859907.29,5900078.39],[859906.87,5900077.35],[859902.41,5900041.9],[859902.11,5900025.19],[859926.79,5899965.95],[859904.15,5899870.58],[859900.3,5899835.07],[859900.08,5899761.18],[859897.06,5899677.5],[859896.52,5899628.91],[859898.78,5899600.86],[859910.3,5899578.51],[859914.31,5899574.73],[859927.22,5899562.54],[859944.21,5899543.37],[859955.45,5899516.17],[859957.9,5899461.9],[859959.58,5899440.63],[859953.87,5899405.77],[859954.03,5899379.96],[859946.09,5899348.84],[859941.9,5899318.53],[859940.37,5899269.86],[859936.8,5899223.72],[859957.04,5899128.83],[859965.99,5899068.98],[859968.94,5899011.23],[859968.72,5898945.58],[859966.4,5898881.16],[859962.81,5898819.85],[859953.64,5898763.9],[859939.7,5898697.7],[859923.92,5898636.77],[859920.42,5898568.33],[859905.58,5898504.56],[859907.03,5898435.84],[859911.48,5898364.95],[859900.1,5898297.05],[859875.61,5898230.87],[859850.77,5898179.53],[859813.09,5898124.4],[859809.64,5898120.48],[859750.06,5898052.77],[859697.8,5897972.59],[859661.44,5897911.34],[859611.94,5897823.36],[859576.23,5897745.98],[859530.26,5897662.62],[859463.61,5897544.34],[859428.11,5897483.67],[859414.36,5897463.67],[859395.68,5897436.52],[859380.94,5897406.23],[859377.98,5897374.52],[859376.9,5897335.94],[859376.67,5897326.67],[859389.01,5897277.86],[859401.27,5897244.42],[859402.71,5897240.51],[859407.29,5897193.16],[859398.63,5897144.28],[859383.45,5897074.96],[859378.98,5897045.54],[859385.34,5896995.02],[859410.9,5896936.05],[859438.86,5896878.4],[859452.18,5896833.49],[859459.98,5896790.92],[859456.4,5896740.17],[859454.48,5896721.21],[859454.11,5896710.02],[859453.76,5896689.09],[859458.08,5896673.57],[859469.91,5896646.42],[859475.76,5896628.22],[859488.02,5896616.28],[859500.74,5896582.07],[859508.33,5896561.2],[859512.75,5896545.69],[859514.55,5896514.68],[859515.87,5896497.71],[859519.82,5896445.98],[859522.53,5896413.74],[859523.06,5896363.13],[859524.69,5896312.61],[859531.83,5896279.03],[859532.84,5896247.86],[859531.43,5896209.65],[859528.89,5896171.74],[859524.95,5896143.17],[859519.65,5896108.15],[859511.31,5896075.89],[859502.03,5896041.54],[859498.86,5896012.33],[859494.76,5895978.51],[859491.69,5895939.76],[859486.26,5895903.92],[859483.69,5895872.25],[859471.95,5895825.33],[859468.73,5895808.68],[859466.41,5895771.69],[859467.68,5895761.35],[859471.47,5895738.95],[859476.48,5895712.84],[859485.41,5895693.89],[859490.86,5895679.17],[859493.98,5895646.87],[859495.88,5895627.83],[859494.13,5895607.98],[859488.15,5895575.11],[859483.48,5895557.64],[859478.29,5895540.52],[859461.83,5895507.87],[859453.2,5895495.79],[859442.18,5895484.61],[859415.18,5895464.96],[859400.21,5895454.23],[859394.04,5895449.81],[859378.62,5895434.85],[859366.67,5895416.76],[859357.07,5895395.85],[859349.03,5895376.68],[859344.7,5895350.49],[859344.42,5895327.45],[859349.77,5895305.68],[859364.05,5895273.21],[859365.35,5895271.43],[859371.44,5895263.08],[859395.18,5895218.54],[859410.51,5895190.38],[859404.45,5895148.86],[859398.31,5895113.07],[859394.48,5895076.06],[859394.56,5895047.62],[859389.92,5895009.54],[859381.98,5894973.59],[859369.99,5894941.73],[859366.52,5894913.6],[859356.94,5894875.71],[859351.47,5894846.3],[859349.08,5894811.32],[859346.5,5894776.23],[859341.07,5894749.94],[859338.07,5894736.79],[859332.69,5894713.26],[859320.04,5894642.54],[859315.14,5894608.66],[859308.38,5894580.25],[859304.6,5894559.53],[859297.89,5894542.48],[859282.93,5894515.9],[859270.56,5894493.25],[859239.99,5894454.0],[859231.5,5894434.19],[859221.51,5894408.32],[859205.74,5894371.11],[859190.98,5894344.29],[859182.37,5894328.65],[859167.39,5894297.64],[859146.06,5894254.74],[859116.02,5894215.13],[859092.36,5894179.77],[859075.39,5894154.42],[859050.15,5894106.67],[859027.55,5894063.47],[859006.06,5894027.29],[858991.92,5894004.19],[858970.26,5893965.38],[858962.16,5893948.12],[858960.75,5893881.06],[858944.7,5893850.77],[858941.65,5893839.25],[858929.56,5893821.65],[858909.79,5893793.76],[858900.63,5893780.83],[858889.07,5893767.6],[858879.24,5893735.11],[858874.86,5893720.17],[858870.13,5893701.18],[858868.99,5893669.22],[858870.38,5893649.13],[858873.64,5893633.03],[858878.06,5893608.34],[858879.32,5893601.24],[858884.25,5893566.58],[858892.75,5893519.15],[858893.68,5893498.52],[858886.82,5893466.48],[858881.12,5893435.05],[858875.55,5893399.7],[858872.55,5893370.71],[858869.94,5893333.6],[858868.84,5893298.83],[858863.69,5893266.84],[858860.73,5893249.41],[858853.86,5893229.43],[858837.88,5893199.54],[858828.46,5893187.3],[858816.37,5893172.01],[858795.81,5893149.98],[858782.6,5893136.1],[858770.75,5893116.92],[858764.61,5893109.26],[858754.01,5893096.01],[858743.74,5893083.09],[858734.51,5893066.13],[858722.5,5893037.99],[858710.09,5893000.16],[858717.31,5892971.72],[858727.64,5892943.24],[858727.91,5892942.7],[858745.06,5892909.32],[858754.33,5892876.73],[858753.85,5892839.4],[858750.45,5892804.44],[858741.41,5892761.27],[858731.17,5892709.75],[858711.67,5892646.3],[858690.79,5892565.75],[858672.21,5892500.97],[858666.56,5892479.69],[858630.98,5892388.76],[858599.1,5892312.41],[858573.14,5892250.43],[858544.37,5892205.29],[858534.34,5892189.48],[858488.23,5892141.28],[858486.99,5892140.06],[858403.37,5892057.97],[858359.78,5892013.3],[858318.25,5891938.05],[858318.21,5891882.37],[858317.23,5891866.5],[858336.38,5891823.95],[858336.63,5891823.41],[858345.7,5891793.11],[858344.8,5891740.47],[858311.82,5891674.78],[858272.3,5891601.91],[858225.43,5891509.03],[858189.08,5891434.42],[858137.95,5891381.38],[858076.28,5891356.9],[858046.1,5891281.8],[858026.33,5891225.26],[857987.95,5891169.98],[857952.4,5891115.83],[857915.39,5891059.76],[857899.58,5891037.43],[857887.3,5891017.3],[857876.81,5890998.63],[857859.51,5890966.42],[857842.43,5890941.17],[857828.76,5890922.03],[857805.46,5890888.31],[857782.12,5890858.71],[857760.7,5890832.49],[857731.12,5890802.97],[857698.66,5890770.5],[857660.84,5890737.37],[857621.04,5890701.46],[857588.85,5890677.85],[857558.42,5890652.38],[857517.5,5890622.62],[857487.45,5890603.51],[857458.9,5890589.15],[857446.28,5890580.25],[857428.78,5890569.64],[857402.63,5890551.86],[857392.98,5890541.2],[857383.14,5890526.71],[857363.44,5890502.74],[857349.09,5890488.07],[857336.25,5890473.42],[857315.5,5890454.8],[857300.21,5890444.27],[857289.45,5890435.92],[857273.63,5890422.03],[857204.77,5890367.1],[857132.58,5890309.99],[857061.72,5890314.1],[856996.03,5890317.92],[856971.75,5890311.36],[856875.1,5890236.71],[856770.51,5890157.27],[856716.28,5890099.35],[856699.27,5890060.13],[856685.94,5890005.54],[856684.37,5889978.98],[856671.6,5889935.9],[856651.47,5889903.95],[856623.35,5889870.24],[856595.54,5889845.89],[856560.64,5889810.3],[856511.28,5889774.49],[856486.02,5889770.06],[856466.63,5889771.6],[856455.26,5889772.5],[856401.24,5889746.76],[856346.52,5889699.45],[856295.64,5889654.18],[856221.74,5889579.13],[856172.57,5889525.55],[856146.84,5889496.76],[856084.65,5889442.59],[856033.02,5889372.83],[856016.85,5889347.55],[856003.57,5889311.86],[855996.84,5889256.95],[855992.05,5889217.93],[855976.26,5889182.13],[855975.22,5889172.99],[855969.8,5889163.39],[855955.79,5889117.09],[855931.15,5889084.97],[855907.42,5889055.14],[855870.47,5889005.7],[855857.94,5888913.09],[855843.55,5888883.34],[855820.18,5888842.08],[855769.54,5888768.88],[855750.99,5888738.38],[855743.28,5888729.69],[855704.43,5888676.48],[855637.74,5888645.96],[855627.63,5888643.51],[855576.18,5888631.04],[855556.44,5888613.61],[855528.24,5888580.79],[855494.33,5888517.74],[855465.32,5888470.58],[855359.87,5888375.09],[855318.53,5888334.74],[855258.51,5888252.31],[855232.82,5888181.31],[855224.85,5888153.85],[855207.72,5888094.78],[855199.87,5888060.15],[855185.54,5888034.42],[855139.39,5887989.24],[855060.65,5887953.79],[855024.16,5887926.31],[855016.17,5887905.43],[855006.81,5887837.31],[854993.99,5887804.37],[854963.1,5887765.3],[854899.08,5887695.9],[854843.26,5887626.9],[854807.37,5887594.74],[854779.1,5887578.19],[854734.65,5887553.46],[854694.75,5887519.96],[854668.65,5887487.21],[854645.32,5887464.55],[854607.91,5887437.29],[854561.69,5887428.79],[854533.53,5887419.39],[854502.55,5887380.21],[854477.66,5887321.13],[854466.65,5887302.62],[854446.73,5887283.76],[854390.3,5887225.56],[854369.67,5887200.81],[854351.42,5887184.71],[854315.67,5887153.27],[854279.42,5887121.68],[854215.82,5887071.22],[854170.1,5887045.87],[854155.15,5887037.46],[854101.2,5887007.13],[854056.67,5886968.82],[854015.64,5886942.76],[853981.38,5886927.02],[853936.87,5886900.57],[853901.65,5886867.56],[853878.21,5886834.34],[853864.17,5886819.59],[853856.97,5886801.88],[853852.51,5886790.88],[853840.07,5886770.07],[853837.97,5886766.54],[853828.09,5886739.28],[853788.35,5886684.69],[853760.34,5886665.15],[853729.21,5886651.69],[853699.19,5886647.9],[853698.18,5886647.78],[853669.21,5886651.78],[853647.43,5886647.84],[853622.74,5886636.62],[853603.36,5886617.2],[853586.03,5886605.8],[853530.99,5886552.64],[853418.89,5886440.52],[853353.12,5886372.79],[853316.12,5886314.31],[853275.99,5886246.32],[853241.31,5886212.95],[853211.7,5886187.25],[853146.13,5886120.75],[853131.23,5886088.74],[853127.98,5886072.85],[853124.32,5886054.9],[853114.45,5886022.81],[853108.99,5885992.0],[853091.21,5885947.6],[853073.02,5885914.11],[853016.8,5885855.82],[852987.6,5885816.99],[852936.78,5885768.71],[852935.75,5885766.51],[852906.47,5885701.04],[852851.57,5885647.49],[852830.43,5885632.35],[852785.34,5885582.84],[852759.98,5885549.65],[852695.95,5885498.35],[852652.65,5885478.94],[852623.72,5885478.69],[852597.82,5885478.46],[852525.83,5885476.44],[852490.54,5885458.6],[852463.5,5885434.73],[852437.34,5885418.26],[852411.99,5885389.8],[852384.24,5885372.0],[852330.36,5885335.01],[852278.64,5885304.55],[852252.11,5885283.02],[852214.49,5885261.78],[852170.97,5885223.55],[852149.02,5885195.28],[852136.62,5885168.21],[852116.25,5885141.47],[852072.67,5885084.33],[852072.61,5885084.25],[851959.18,5884992.82],[851941.48,5884977.37],[851913.42,5884949.99],[851894.02,5884929.67],[851872.6,5884899.93],[851863.45,5884886.43],[851847.56,5884862.95],[851828.05,5884834.38],[851793.58,5884786.47],[851766.47,5884750.22],[851736.99,5884718.2],[851710.84,5884690.88],[851675.92,5884658.0],[851657.14,5884638.64],[851623.38,5884613.4],[851590.14,5884589.1],[851556.98,5884569.94],[851526.05,5884554.08],[851499.37,5884527.01],[851469.82,5884498.3],[851444.47,5884476.98],[851416.38,5884450.1],[851383.91,5884428.69],[851349.02,5884402.44],[851309.84,5884375.94],[851285.2,5884358.2],[851241.92,5884334.97],[851217.54,5884326.09],[851192.25,5884319.64],[851169.51,5884318.84],[851145.6,5884322.36],[851120.29,5884326.92],[851111.72,5884328.47],[851066.68,5884335.84],[851046.76,5884338.49],[851016.3,5884331.41],[850988.75,5884318.35],[850960.32,5884301.49],[850909.5,5884277.13],[850857.45,5884253.06],[850801.09,5884228.84],[850767.18,5884213.73],[850730.74,5884190.48],[850713.32,5884175.35],[850694.59,5884149.35],[850667.61,5884108.0],[850661.05,5884100.42],[850641.04,5884077.33],[850620.74,5884054.62],[850586.78,5884031.67],[850537.69,5883999.91],[850493.8,5883973.22],[850452.16,5883942.49],[850420.33,5883920.62],[850379.1,5883892.14],[850353.2,5883872.58],[850304.5,5883840.96],[850257.59,5883808.38],[850220.68,5883788.3],[850183.22,5883777.22],[850158.77,5883771.55],[850131.62,5883773.03],[850123.23,5883773.49],[850098.28,5883776.22],[850068.36,5883778.24],[850037.73,5883775.67],[850003.47,5883767.16],[849976.14,5883759.85],[849937.39,5883743.73],[849906.84,5883729.41],[849872.56,5883717.49],[849842.53,5883710.05],[849795.1,5883702.85],[849759.62,5883698.07],[849701.47,5883691.68],[849663.57,5883688.2],[849620.0,5883679.22],[849580.43,5883666.95],[849546.22,5883650.72],[849507.89,5883634.34],[849488.64,5883624.28],[849431.11,5883591.21],[849390.06,5883565.46],[849360.68,5883541.89],[849339.86,5883527.78],[849303.01,5883496.15],[849272.62,5883475.11],[849244.45,5883449.13],[849218.39,5883429.15],[849177.29,5883395.56],[849138.97,5883371.94],[849106.06,5883347.37],[849068.47,5883327.03],[849016.91,5883303.11],[848971.0,5883281.27],[848932.68,5883257.76],[848893.88,5883231.49],[848856.76,5883203.15],[848833.54,5883177.99],[848806.83,5883142.99],[848789.6,5883119.63],[848771.11,5883095.67],[848764.9,5883082.42],[848752.78,5883056.55],[848724.88,5883008.18],[848704.49,5882968.48],[848683.68,5882942.21],[848680.77,5882938.55],[848648.93,5882898.9],[848612.7,5882863.5],[848561.16,5882821.39],[848544.4,5882806.91],[848532.67,5882796.79],[848480.44,5882760.55],[848447.96,5882742.75],[848386.7,5882702.74],[848359.49,5882686.89],[848303.97,5882640.73],[848299.52,5882637.44],[848247.74,5882599.33],[848189.92,5882563.83],[848133.2,5882531.94],[848080.19,5882493.02],[848033.1,5882464.95],[847981.16,5882429.94],[847948.83,5882411.65],[847913.86,5882387.72],[847874.49,5882363.41],[847839.19,5882342.16],[847812.75,5882325.47],[847777.42,5882306.93],[847746.82,5882294.41],[847710.15,5882277.47],[847678.59,5882264.37],[847651.47,5882255.77],[847603.6,5882239.39],[847578.51,5882234.27],[847555.06,5882231.1],[847535.47,5882233.3],[847532.53,5882233.63],[847512.79,5882229.36],[847485.54,5882228.38],[847459.84,5882228.03],[847439.24,5882224.4],[847412.0,5882213.77],[847387.29,5882200.34],[847359.84,5882186.18],[847314.62,5882158.57],[847286.15,5882141.01],[847262.71,5882126.88],[847212.81,5882095.16],[847186.14,5882078.86],[847136.38,5882041.92],[847115.24,5882027.99],[847083.68,5882000.42],[847050.38,5881967.37],[847020.03,5881939.81],[846992.74,5881906.87],[846970.08,5881884.67],[846950.76,5881855.01],[846928.63,5881816.97],[846912.53,5881782.46],[846898.55,5881735.86],[846892.84,5881705.64],[846893.18,5881654.91],[846894.92,5881636.55],[846896.59,5881619.02],[846895.69,5881577.04],[846895.59,5881524.27],[846897.25,5881498.48],[846895.52,5881480.75],[846890.48,5881458.22],[846881.36,5881420.77],[846868.88,5881375.41],[846855.93,5881330.91],[846841.13,5881289.27],[846829.91,5881260.09],[846815.02,5881230.4],[846798.79,5881195.07],[846776.13,5881156.09],[846756.69,5881126.62],[846744.9,5881107.84],[846734.93,5881084.09],[846728.26,5881074.99],[846702.0,5881034.6],[846682.09,5881006.0],[846663.19,5880980.9],[846620.68,5880924.57],[846577.13,5880879.52],[846541.27,5880845.76],[846527.11,5880834.82],[846471.12,5880802.69],[846407.83,5880780.8],[846393.38,5880779.39],[846360.16,5880784.5],[846276.3,5880797.41],[846237.75,5880798.1],[846124.73,5880784.5],[846028.04,5880748.65],[846010.47,5880746.07],[845909.21,5880704.92],[845896.79,5880700.86],[845847.5,5880685.78],[845833.01,5880684.86],[845665.79,5880616.47],[845604.93,5880590.87],[845517.47,5880534.6],[845495.18,5880520.26],[845392.87,5880422.04],[845371.78,5880389.62],[845363.56,5880372.55],[845322.61,5880418.12],[845313.39,5880428.38],[845240.24,5880509.05],[845238.9,5880510.41],[845231.3,5880518.12],[845209.05,5880518.5],[845172.0,5880518.99],[845143.33,5880524.12],[845096.75,5880530.23],[845082.8,5880531.44],[845068.68,5880532.66],[845061.74,5880524.31],[845054.43,5880515.52],[845006.33,5880473.99],[844941.07,5880479.39],[844935.64,5880480.45],[844894.02,5880484.78],[844871.31,5880489.26],[844849.2,5880489.8],[844692.41,5880470.27],[844688.91,5880471.01],[844618.36,5880486.73],[844580.56,5880494.23],[844529.24,5880505.05],[844512.71,5880509.04],[844460.96,5880521.09],[844377.93,5880540.09],[844332.31,5880550.57],[844324.96,5880554.42],[844277.6,5880578.32],[844226.23,5880604.39],[844204.85,5880615.43],[844195.03,5880620.3],[844108.36,5880678.83],[844119.18,5880746.35],[844088.57,5880762.66],[844076.31,5880770.93],[844062.46,5880780.71],[844053.19,5880787.25],[844049.19,5880790.3],[844042.24,5880794.56],[844035.16,5880798.69],[844014.04,5880812.87],[844008.8,5880816.36],[844004.08,5880794.46],[844000.68,5880778.68],[843995.43,5880758.84],[843990.09,5880703.61],[843983.49,5880685.32],[843976.22,5880675.72],[843971.89,5880668.59],[843964.69,5880662.57],[843960.42,5880661.15],[843953.11,5880658.83],[843937.02,5880657.64],[843925.78,5880653.74],[843909.82,5880639.82],[843903.92,5880634.68],[843886.29,5880610.07],[843880.46,5880596.74],[843877.12,5880585.29],[843882.44,5880538.61],[843882.9,5880534.43],[843881.9,5880530.49],[843869.22,5880529.56],[843853.58,5880526.77],[843847.6,5880526.71],[843842.74,5880528.62],[843833.7,5880532.16],[843820.01,5880523.24],[843797.05,5880501.21],[843789.62,5880482.84],[843787.37,5880473.85],[843781.78,5880455.65],[843779.01,5880447.69],[843592.35,5880502.23],[843574.14,5880507.31],[843541.3,5880516.56],[843421.83,5880556.12],[843316.17,5880590.97],[843264.28,5880606.72],[843219.87,5880618.78],[843195.57,5880625.2],[843188.79,5880625.64],[843180.49,5880626.37],[843152.77,5880630.07],[843134.23,5880633.31],[843121.02,5880635.48],[843119.31,5880636.51],[843103.73,5880590.26],[843100.95,5880582.53],[843094.54,5880563.81],[843087.78,5880543.85],[843074.68,5880507.66],[843059.42,5880465.15],[843035.79,5880391.29],[843015.4,5880356.64],[843004.94,5880338.71],[842980.32,5880296.51],[842972.56,5880256.85],[842967.46,5880224.44],[842964.58,5880205.98],[842958.2,5880168.39],[842940.85,5880106.15],[842934.57,5880105.04],[842916.06,5880101.5],[842911.89,5880098.48],[842907.4,5880096.87],[842907.11,5880098.19],[842905.7,5880103.93],[842893.37,5880097.73],[842878.63,5880097.56],[842871.94,5880101.25],[842861.46,5880107.32],[842852.32,5880097.45],[842846.24,5880097.58],[842834.96,5880106.26],[842833.85,5880113.08],[842829.41,5880113.8],[842816.48,5880099.92],[842811.91,5880100.47],[842801.12,5880116.37],[842797.37,5880117.33],[842792.7,5880104.44],[842789.14,5880100.95],[842781.03,5880102.53],[842778.79,5880107.0],[842779.08,5880113.14],[842766.5,5880115.67],[842759.07,5880115.45],[842750.5,5880109.95],[842742.9,5880113.3],[842735.28,5880113.85],[842725.74,5880116.64],[842721.77,5880115.13],[842718.14,5880113.75],[842713.66,5880106.86],[842707.94,5880106.91],[842698.36,5880117.05],[842693.81,5880110.51],[842682.88,5880110.49],[842674.46,5880115.32],[842665.25,5880104.34],[842642.77,5880118.33],[842627.35,5880111.98],[842620.84,5880113.58],[842613.38,5880120.29],[842598.49,5880122.32],[842597.94,5880122.75],[842580.69,5880134.94],[842578.42,5880129.55],[842553.08,5880136.01],[842546.84,5880132.42],[842547.33,5880126.6],[842547.76,5880125.24],[842549.6,5880119.69],[842546.33,5880116.58],[842540.87,5880116.01],[842538.94,5880117.64],[842537.52,5880118.92],[842525.17,5880114.01],[842507.9,5880109.68],[842503.08,5880106.86],[842487.74,5880108.56],[842473.14,5880101.87],[842467.61,5880105.08],[842464.67,5880102.04],[842463.49,5880100.94],[842464.95,5880096.32],[842455.68,5880093.29],[842448.57,5880091.14],[842446.23,5880095.2],[842432.04,5880094.81],[842429.59,5880087.56],[842428.86,5880086.62],[842425.51,5880082.3],[842420.2,5880083.84],[842398.95,5880083.52],[842397.14,5880075.0],[842392.93,5880072.12],[842391.28,5880065.6],[842382.81,5880060.37],[842372.28,5880068.66],[842352.33,5880073.5],[842344.61,5880083.04],[842329.52,5880085.39],[842327.21,5880093.91],[842319.13,5880091.32],[842307.93,5880093.04],[842299.53,5880096.8],[842279.06,5880096.15],[842257.35,5880098.9],[842243.44,5880099.86],[842224.76,5880098.19],[842214.13,5880093.05],[842199.72,5880093.65],[842195.1,5880090.49],[842183.9,5880090.88],[842144.28,5880078.26],[842115.03,5880071.95],[842113.81,5880067.46],[842104.88,5880067.77],[842088.21,5880063.58],[842057.1,5880058.77],[842052.6,5880052.35],[842034.14,5880044.16],[842020.57,5880044.22],[842012.09,5880034.47],[842010.34,5880026.74],[842004.37,5880020.26],[841997.89,5880016.66],[841978.29,5880018.37],[841968.58,5880020.58],[841924.67,5880035.38],[841901.52,5880063.69],[841890.11,5880062.74],[841872.08,5880060.91],[841857.99,5880072.97],[841848.47,5880074.24],[841842.38,5880079.2],[841839.31,5880094.05],[841822.09,5880101.54],[841813.52,5880108.64],[841807.69,5880119.16],[841785.42,5880124.82],[841744.27,5880135.38],[841633.2,5880163.08],[841608.48,5880169.19],[841581.78,5880173.73],[841580.11,5880169.87],[841554.84,5880170.54],[841549.4,5880166.9],[841543.42,5880167.83],[841539.52,5880170.45],[841537.89,5880171.55],[841535.58,5880170.32],[841530.05,5880167.38],[841527.51,5880169.21],[841512.23,5880168.72],[841503.85,5880171.69],[841489.49,5880170.36],[841486.5,5880170.53],[841484.76,5880172.3],[841482.32,5880174.76],[841472.87,5880171.84],[841463.54,5880168.96],[841459.4,5880167.5],[841450.21,5880155.07],[841437.78,5880152.91],[841435.45,5880142.64],[841428.75,5880146.11],[841415.91,5880151.23],[841408.27,5880147.24],[841407.64,5880141.45],[841406.19,5880139.73],[841397.91,5880141.85],[841394.45,5880142.73],[841380.93,5880134.58],[841376.48,5880124.96],[841365.97,5880117.22],[841370.68,5880108.57],[841369.17,5880096.48],[841362.31,5880097.5],[841350.25,5880090.64],[841347.26,5880091.31],[841345.03,5880091.81],[841333.54,5880094.75],[841322.84,5880086.21],[841308.22,5880079.33],[841298.19,5880068.6],[841300.87,5880053.26],[841294.17,5880036.48],[841281.41,5880030.63],[841278.49,5880017.35],[841265.37,5880011.87],[841258.17,5880014.05],[841244.19,5880009.23],[841235.99,5880011.93],[841232.45,5880013.09],[841232.61,5880022.47],[841228.48,5880025.44],[841207.08,5880002.33],[841208.0,5879995.81],[841205.86,5879993.38],[841201.52,5879988.56],[841177.55,5879983.5],[841093.38,5879973.28],[841065.67,5879952.66],[841023.71,5879925.73],[840977.61,5879906.29],[840931.28,5879893.21],[840650.29,5879742.97],[840649.97,5879736.93],[840643.55,5879613.77],[840643.18,5879606.69],[840642.97,5879602.64],[840646.01,5879359.18],[840614.82,5879346.45],[840623.87,5879225.86],[840679.62,5878985.8],[840702.81,5878895.86],[840728.47,5878835.96],[840750.48,5878791.57],[840789.9,5878726.66],[840785.49,5878723.96],[840779.87,5878720.06],[840741.78,5878693.66],[840720.88,5878679.17],[840682.99,5878674.86],[840613.94,5878667.01],[840608.56,5878665.87],[840562.75,5878656.11],[840515.27,5878646.6],[840430.74,5878645.04],[840365.88,5878642.37],[840296.22,5878633.55],[840207.56,5878622.93],[840175.53,5878614.29],[840121.12,5878606.11],[840034.49,5878601.82],[839971.72,5878604.64],[839933.05,5878604.17],[839863.06,5878606.81],[839779.17,5878605.3],[839743.2,5878613.14],[839725.19,5878617.37],[839717.3,5878617.84],[839701.46,5878618.78],[839693.97,5878617.73],[839675.4,5878615.11],[839668.87,5878615.16],[839653.14,5878615.3],[839636.23,5878615.44],[839623.27,5878615.19],[839596.52,5878614.66],[839485.88,5878624.79],[839458.66,5878627.54],[839409.64,5878633.61],[839384.76,5878635.27],[839365.6,5878639.02],[839332.64,5878645.04],[839311.62,5878646.99],[839301.12,5878647.97],[839294.54,5878648.47],[839266.63,5878650.63],[839150.49,5878665.89],[839144.09,5878716.22],[839140.54,5878745.46],[839135.59,5878818.31],[839115.43,5879051.83],[839113.58,5879074.27],[839103.12,5879201.33],[839099.35,5879209.77],[838981.57,5879215.23],[838968.67,5879215.83],[838969.78,5879245.7],[838916.85,5879240.95],[838885.04,5879239.12],[838868.91,5879232.94],[838848.54,5879229.73],[838825.42,5879227.46],[838767.45,5879223.93],[838750.24,5879222.66],[838734.71,5879223.19],[838681.83,5879226.41],[838638.0,5879231.44],[838604.89,5879232.6],[838490.86,5879229.81],[838426.55,5879230.18],[838366.47,5879235.53],[838322.15,5879239.47],[838269.34,5879246.73],[838263.46,5879247.79],[838255.64,5879249.5],[838237.09,5879249.66],[838119.46,5879253.28],[838060.19,5879249.47],[837980.72,5879246.68],[837932.88,5879249.63],[837914.15,5879251.55],[837879.92,5879258.35],[837852.73,5879264.19],[837815.69,5879271.94],[837769.51,5879278.5],[837673.22,5879277.77],[837600.0,5879269.7],[837599.77,5879256.84],[837600.33,5879242.45],[837592.04,5879189.33],[837575.07,5879114.78],[837568.38,5879083.84],[837563.38,5879061.09],[837553.88,5879016.62],[837537.3,5878960.72],[837526.66,5878926.16],[837496.63,5878855.16],[837482.94,5878824.61],[837459.07,5878786.24],[837445.86,5878763.85],[837434.61,5878731.95],[837429.75,5878716.88],[837428.29,5878710.72],[837424.09,5878694.34],[837410.48,5878641.33],[837403.62,5878607.46],[837395.08,5878578.71],[837387.78,5878554.15],[837385.81,5878456.78],[837385.03,5878428.55],[837385.18,5878405.66],[837386.23,5878363.95],[837386.61,5878337.69],[837387.57,5878316.8],[837390.75,5878275.02],[837392.75,5878247.18],[837392.18,5878231.35],[837391.96,5878222.44],[837390.46,5878175.77],[837385.55,5878137.06],[837381.72,5878103.98],[837375.3,5878034.14],[837374.4,5878023.84],[837372.21,5877987.13],[837370.99,5877981.76],[837365.82,5877934.03],[837351.6,5877903.8],[837342.33,5877884.04],[837333.8,5877845.92],[837333.32,5877843.78],[837322.93,5877811.99],[837315.4,5877788.55],[837304.67,5877755.74],[837294.96,5877700.29],[837292.09,5877683.53],[837285.45,5877648.21],[837283.01,5877635.47],[837282.16,5877632.25],[837278.27,5877617.78],[837268.21,5877593.24],[837259.07,5877572.78],[837254.01,5877501.84],[837253.3,5877492.29],[837256.31,5877466.78],[837244.65,5877422.26],[837240.0,5877404.48],[837222.56,5877337.53],[837202.28,5877281.68],[837200.48,5877276.37],[837199.29,5877274.12],[837198.39,5877272.15],[837197.37,5877269.82],[837195.96,5877267.06],[837171.05,5877211.74],[837145.2,5877152.94],[837120.09,5877093.73],[837098.58,5877043.1],[837098.18,5877042.13],[837062.53,5876958.34],[837043.5,5876913.66],[837031.55,5876870.16],[837016.96,5876834.88],[837003.17,5876770.15],[837001.4,5876763.62],[836988.55,5876723.78],[836968.93,5876664.79],[836985.93,5876645.64],[836968.2,5876584.97],[836956.91,5876544.62],[836954.13,5876533.06],[836942.91,5876494.64],[836936.52,5876471.92],[836923.72,5876439.11],[836907.01,5876450.95],[836879.82,5876469.88],[836837.03,5876496.05],[836826.19,5876502.64],[836767.31,5876542.77],[836734.36,5876564.81],[836684.42,5876502.08],[836678.87,5876495.07],[836664.2,5876476.93],[836632.08,5876437.55],[836627.89,5876432.42],[836623.72,5876426.5],[836623.47,5876426.14],[836598.41,5876451.0],[836544.31,5876504.78],[836523.16,5876509.75],[836516.45,5876511.31],[836430.97,5876531.32],[836329.46,5876542.44],[836230.85,5876506.57],[836210.34,5876499.11],[836177.81,5876487.25],[836129.02,5876447.31],[836107.62,5876429.58],[836088.06,5876413.57],[836017.41,5876413.39],[836000.24,5876424.07],[835917.33,5876474.95],[835897.94,5876493.18],[835864.79,5876525.1],[835827.01,5876564.97],[835809.49,5876589.31],[835802.77,5876598.77],[835800.03,5876598.66],[835728.47,5876595.78],[835688.31,5876575.26],[835616.66,5876572.66],[835553.98,5876536.42],[835411.88,5876362.94],[835309.81,5876440.18],[835287.01,5876494.1],[835343.79,5876565.99],[835504.36,5876597.22],[835593.22,5876663.0],[835632.22,5876696.76],[835639.12,5876754.2],[835595.69,5876831.02],[835584.24,5876851.27],[835415.78,5876871.55],[835345.24,5876887.66],[835310.14,5876896.96],[835298.23,5876903.41],[835270.12,5876924.9],[835228.45,5876964.63],[835223.28,5876972.66],[835152.63,5877125.09],[835135.06,5877151.36],[835109.44,5877184.4],[835087.7,5877210.89],[835066.04,5877233.58],[835031.23,5877279.16],[834970.93,5877332.35],[834888.37,5877408.53],[834866.34,5877422.93],[834774.81,5877475.59],[834715.61,5877565.84],[834566.19,5877783.14],[834528.96,5877874.8],[834476.31,5877988.45],[834401.27,5878099.92],[834378.31,5878153.68],[834356.27,5878202.62],[834379.3,5878270.36],[834447.8,5878330.92],[834536.4,5878378.71],[834581.57,5878462.66],[834605.71,5878507.06],[834598.83,5878597.5],[834559.18,5878690.43],[834472.0,5878776.02],[834463.39,5878868.27],[834500.51,5878915.7],[834506.75,5878924.44],[834520.02,5878917.18],[834583.71,5879016.95],[834644.49,5879075.22],[834652.72,5879112.23],[834663.92,5879169.25],[834695.46,5879222.74],[834721.02,5879246.97],[834744.34,5879270.42],[834763.28,5879290.6],[834802.29,5879331.36],[834890.95,5879396.61],[834949.94,5879441.65],[834975.82,5879462.13],[834978.72,5879437.97],[835113.6,5879461.48],[835135.16,5879474.62],[835148.79,5879481.86],[835150.45,5879491.22],[835160.61,5879562.76],[835149.54,5879571.73],[835088.28,5879617.93],[835016.9,5879703.4],[834980.96,5879736.97],[834919.47,5879759.61],[834875.78,5879754.36],[834765.86,5879806.55],[834704.62,5879813.91],[834693.71,5879858.46],[834705.17,5879884.3],[834762.54,5880013.61],[834713.3,5880099.97],[834701.57,5880125.88],[834698.9,5880128.01],[834671.06,5880148.84],[834652.38,5880164.41],[834558.57,5880240.96],[834433.23,5880276.44],[834432.61,5880272.04],[834427.76,5880245.34],[834404.44,5880227.97],[834376.86,5880223.99],[834348.22,5880235.55],[834343.25,5880273.69],[834310.71,5880273.05],[834265.46,5880271.2],[834249.0,5880270.57],[834245.32,5880270.44],[834238.28,5880270.09],[834198.43,5880268.89],[834197.63,5880252.86],[834182.44,5880234.94],[834121.43,5880235.52],[834101.0,5880217.66],[834078.41,5880193.9],[834064.87,5880160.55],[834033.46,5880084.4],[834004.77,5880041.77],[833966.69,5879988.56],[833939.05,5879949.89],[833931.64,5879938.49],[833883.42,5879905.49],[833837.44,5879876.38],[833788.4,5879845.41],[833730.76,5879849.9],[833712.12,5879844.0],[833703.08,5879834.71],[833690.16,5879819.96],[833619.95,5879739.52],[833574.95,5879727.28],[833521.15,5879661.46],[833485.39,5879642.66],[833440.86,5879622.39],[833374.7,5879547.78],[833360.0,5879535.49],[833347.52,5879525.32],[833333.7,5879520.18],[833300.8,5879467.18],[833306.62,5879462.37],[833307.56,5879456.57],[833303.7,5879451.4],[833289.24,5879448.83],[833254.28,5879393.3],[833238.2,5879344.93],[833259.51,5879333.88],[833268.22,5879329.37],[833298.62,5879184.7],[833305.75,5879181.54],[833305.43,5879181.02],[833167.73,5878961.5],[833102.34,5878862.97],[833064.53,5878787.01],[832995.68,5878824.83],[832964.57,5878842.42],[832945.56,5878853.38],[832943.95,5878854.56],[832940.27,5878855.58],[832901.26,5878813.41],[832891.12,5878803.64],[832875.97,5878792.52],[832866.65,5878786.06],[832835.7,5878765.74],[832795.21,5878742.67],[832738.69,5878799.15],[832551.91,5878776.23],[832547.52,5878778.61],[832490.48,5878809.53],[832482.66,5878813.77],[832475.34,5878816.36],[832546.95,5878940.33],[832555.48,5878955.75],[832530.55,5878965.27],[832485.12,5878933.14],[832457.41,5878905.59],[832437.26,5878875.37],[832419.61,5878804.08],[832401.4,5878780.93],[832377.76,5878752.5],[832366.61,5878749.39],[832351.86,5878746.29],[832340.29,5878743.05],[832330.12,5878741.19],[832318.64,5878739.97],[832298.94,5878737.57],[832279.01,5878734.89],[832262.54,5878733.0],[832246.97,5878732.45],[832212.26,5878731.81],[832190.85,5878731.78],[832153.89,5878727.92],[832114.51,5878722.86],[832074.84,5878721.3],[832041.9,5878723.57],[832022.41,5878721.69],[832002.23,5878725.03],[831969.18,5878734.61],[831945.75,5878740.7],[831898.55,5878741.78],[831875.05,5878751.65],[831865.54,5878762.95],[831864.08,5878774.41],[831886.62,5878806.03],[831895.28,5878816.83],[831905.09,5878852.06],[831906.58,5878883.19],[831896.89,5878891.92],[831893.44,5878895.92],[831886.35,5878903.89],[831884.15,5878920.84],[831875.48,5878942.9],[831878.78,5878957.0],[831876.14,5878969.82],[831849.33,5878966.8],[831838.16,5878974.62],[831829.96,5878979.58],[831819.23,5878996.01],[831822.9,5879033.51],[831828.89,5879045.7],[831830.5,5879061.89],[831839.57,5879080.86],[831861.5,5879093.41],[831876.89,5879111.84],[831884.29,5879118.88],[831899.62,5879126.4],[831919.89,5879133.16],[831931.37,5879147.17],[831947.6,5879151.06],[831975.41,5879151.45],[831993.79,5879159.8],[832015.71,5879179.36],[832051.02,5879234.31],[832092.37,5879280.03],[832104.32,5879279.09],[832112.59,5879285.04],[832127.15,5879301.84],[832135.1,5879311.46],[832144.49,5879322.57],[832153.48,5879333.84],[832189.83,5879357.72],[832189.68,5879368.81],[832195.3,5879385.44],[832209.76,5879396.39],[832215.23,5879396.26],[832242.05,5879415.45],[832262.33,5879419.68],[832273.64,5879417.13],[832294.32,5879407.37],[832316.37,5879392.87],[832346.48,5879389.16],[832374.54,5879405.14],[832389.21,5879402.09],[832400.97,5879403.46],[832431.99,5879391.07],[832471.41,5879399.44],[832504.86,5879423.08],[832522.41,5879430.4],[832539.21,5879437.39],[832562.1,5879446.97],[832590.3,5879458.74],[832517.13,5879501.61],[832499.65,5879511.74],[832464.8,5879532.47],[832471.88,5879542.96],[832292.57,5879633.39],[832060.87,5879777.73],[832037.39,5879795.59],[832121.09,5879835.39],[832120.25,5879836.0],[832091.9,5879856.58],[832025.34,5879902.63],[831944.35,5879944.5],[831912.87,5879932.63],[831883.7,5879902.78],[831826.26,5879953.33],[831823.9,5879955.41],[831816.05,5879969.7],[831777.64,5880015.67],[831754.76,5880066.59],[831733.29,5880100.68],[831594.17,5880245.86],[831593.48,5880265.73],[831509.92,5880366.74],[831482.4,5880413.62],[831477.76,5880449.12],[831456.25,5880507.46],[831432.55,5880595.87],[831405.51,5880652.49],[831568.95,5880712.98],[831525.5,5880862.54],[831600.65,5880889.78],[831543.32,5881038.5],[831538.64,5881046.75],[831513.2,5881040.96],[831504.81,5881093.42],[831432.48,5881210.98],[831422.39,5881208.47],[831426.05,5881089.48],[831351.7,5881064.63],[831323.39,5881033.68],[831280.53,5881017.79],[831280.74,5881078.62],[831279.44,5881094.13],[831275.59,5881104.44],[831270.0,5881111.62],[831257.37,5881115.54],[831246.13,5881114.93],[831225.04,5881148.39],[831199.0,5881215.15],[831185.25,5881250.4],[831168.37,5881253.9],[831189.86,5881380.8],[831025.46,5881412.87],[831014.39,5881440.9],[831013.65,5881443.94],[831013.36,5881445.08],[831006.58,5881432.66],[831008.51,5881428.67],[831004.76,5881420.07],[830998.17,5881403.56],[830982.16,5881383.93],[830980.23,5881397.47],[830979.84,5881400.22],[830961.28,5881394.51],[830941.17,5881399.74],[830851.99,5881377.69],[830840.94,5881374.16],[830792.0,5881358.53],[830768.76,5881351.6],[830698.94,5881307.74],[830697.1,5881330.0],[830673.75,5881616.53],[830669.98,5881663.0],[830669.07,5881674.2],[830762.48,5881710.19],[830846.02,5881742.96],[830894.98,5881763.02],[830903.32,5881766.32],[830922.62,5881785.27],[830927.3,5881789.86],[830933.08,5881795.56],[830934.82,5881797.28],[830939.35,5881801.75],[830934.42,5881802.45],[830929.45,5881803.35],[830923.51,5881797.21],[830922.04,5881795.77],[830917.41,5881790.95],[830900.31,5881773.2],[830896.18,5881771.5],[830890.56,5881769.19],[830838.04,5881747.79],[830805.02,5881734.62],[830791.97,5881729.41],[830757.66,5881716.25],[830665.07,5881680.46],[830660.17,5881678.56],[830599.61,5881655.06],[830559.39,5881639.16],[830453.76,5881594.63],[830283.16,5881508.01],[830149.4,5881446.07],[830104.02,5881423.67],[830006.78,5881502.95],[829951.12,5881544.91],[829907.97,5881578.06],[829884.43,5881596.19],[829859.5,5881611.11],[829835.38,5881625.68],[829820.72,5881614.08],[829816.11,5881612.02],[829793.69,5881582.67],[829742.86,5881508.99],[829716.16,5881470.57],[829718.09,5881479.83],[829706.31,5881520.39],[829697.6,5881549.25],[829703.19,5881583.38],[829688.58,5881620.59],[829717.15,5881647.08],[829713.79,5881654.77],[829702.3,5881681.4],[829701.16,5881693.11],[829699.21,5881714.48],[829677.87,5881731.19],[829630.69,5881666.14],[829597.17,5881620.74],[829531.36,5881612.35],[829445.07,5881604.9],[829359.66,5881597.95],[829303.61,5881592.93],[829254.69,5881598.08],[829191.33,5881604.25],[829062.91,5881615.81],[829058.43,5881566.66],[829110.53,5881533.55],[829152.98,5881502.81],[829203.51,5881462.92],[829261.68,5881428.72],[829321.8,5881412.36],[829364.8,5881400.55],[829398.84,5881394.27],[829438.99,5881379.65],[829469.29,5881365.58],[829536.28,5881334.64],[829539.01,5881333.35],[829541.33,5881332.28],[829519.68,5881283.04],[829599.63,5881141.14],[829667.04,5881190.12],[829695.86,5881153.99],[829736.3,5881102.88],[829719.9,5881082.9],[829748.92,5881028.44],[829720.27,5880999.19],[829696.87,5880980.21],[829675.05,5881003.44],[829658.74,5881019.68],[829602.93,5880974.99],[829555.86,5881022.02],[829523.6,5881069.82],[829502.07,5881073.0],[829465.0,5881059.26],[829439.27,5881041.15],[829356.54,5881009.29],[829277.4,5881001.99],[829106.43,5880940.46],[829019.68,5880869.38],[828990.93,5880883.26],[828980.7,5880791.34],[828951.98,5880543.36],[828739.33,5880566.73],[828576.94,5880585.35],[828469.39,5880597.31],[828251.78,5880622.88],[828068.32,5880643.05],[828077.82,5880664.45],[828077.56,5880691.35],[828090.67,5880779.15],[828092.55,5880791.14],[828095.41,5880835.81],[828084.5,5880864.2],[828002.23,5880872.57],[827957.29,5880863.84],[827926.95,5880854.97],[827880.93,5880841.07],[827818.72,5880828.29],[827764.58,5880812.08],[827701.2,5880792.81],[827673.2,5880784.35],[827674.11,5880825.93],[827674.41,5880839.61],[827675.39,5880870.67],[827677.92,5880922.98],[827678.75,5880932.09],[827650.46,5880931.85],[827611.88,5880917.98],[827564.21,5880899.89],[827510.6,5880876.65],[827443.5,5880854.14],[827381.34,5880821.95],[827306.18,5880781.35],[827248.13,5880758.8],[827216.2,5880732.2],[827170.25,5880707.88],[827129.77,5880691.32],[827083.1,5880672.52],[827052.17,5880654.51],[827015.94,5880633.26],[826990.92,5880611.49],[826988.96,5880609.47],[826980.08,5880601.28],[826943.56,5880586.52],[826924.43,5880576.94],[826904.11,5880565.66],[826826.7,5880556.78],[826783.95,5880549.74],[826722.0,5880511.84],[826702.98,5880500.94],[826646.42,5880487.43],[826604.49,5880478.27],[826515.45,5880454.29],[826466.33,5880441.22],[826421.4,5880419.11],[826383.2,5880399.16],[826321.08,5880429.84],[826302.81,5880438.41],[826263.75,5880457.2],[826199.43,5880488.76],[826106.24,5880534.91],[826086.25,5880573.51],[826076.16,5880636.86],[826059.44,5880704.76],[826013.4,5880812.1],[826000.42,5880849.56],[825995.86,5880897.56],[825958.05,5880979.63],[825951.34,5880994.18],[825937.6,5881016.73],[825926.37,5881035.15],[825907.93,5881046.19],[825848.01,5881084.03],[825840.43,5881088.85],[825813.37,5881105.59],[825782.93,5881211.76],[825766.85,5881254.54],[825755.96,5881292.44],[825735.87,5881322.79],[825719.69,5881341.37],[825715.53,5881346.61],[825647.73,5881418.01],[825639.0,5881452.37],[825642.53,5881562.46],[825640.36,5881569.32],[825624.59,5881613.06],[825602.63,5881668.9],[825580.78,5881683.82],[825501.41,5881626.92],[825442.58,5881629.43],[825388.02,5881636.63],[825309.02,5881641.89],[825275.94,5881652.11],[825240.01,5881663.13],[825183.81,5881681.79],[825152.64,5881693.13],[825126.79,5881706.51],[825088.26,5881712.29],[825066.18,5881735.96],[825066.78,5881747.98],[825064.1,5881752.22],[825060.18,5881760.02],[825045.45,5881777.77],[825029.67,5881764.32],[825009.42,5881762.31],[825001.17,5881766.56],[824968.8,5881769.27],[824919.56,5881776.3],[824906.46,5881779.37],[824903.97,5881779.98],[824884.24,5881784.83],[824877.87,5881786.4],[824845.52,5881794.36],[824827.46,5881798.8],[824817.46,5881797.92],[824802.35,5881796.3],[824741.63,5881801.84],[824611.69,5881814.54],[824542.89,5881818.98],[824477.88,5881825.81],[824411.81,5881833.83],[824311.78,5881846.63],[824228.96,5881857.56],[824177.0,5881864.38],[824059.78,5881880.06],[823885.25,5881902.38],[823793.98,5881916.12],[823713.77,5881874.04],[823660.07,5881845.47],[823514.44,5881768.93],[823513.5,5881772.17],[823516.42,5881805.51],[823517.88,5881845.11],[823520.71,5881876.32],[823524.57,5881925.42],[823525.27,5881961.5],[823525.08,5881966.94],[823518.49,5882029.65],[823520.26,5882061.58],[823522.74,5882104.18],[823528.24,5882162.19],[823530.39,5882206.23],[823533.99,5882248.94],[823535.0,5882312.95],[823538.19,5882379.55],[823540.93,5882429.22],[823544.96,5882466.78],[823549.16,5882505.41],[823552.14,5882549.12],[823555.91,5882577.09],[823563.7,5882644.2],[823562.69,5882666.87],[823564.04,5882689.28],[823568.66,5882733.56],[823570.83,5882752.59],[823569.93,5882782.29],[823572.15,5882809.72],[823573.68,5882854.78],[823575.6,5882921.07],[823573.35,5882984.77],[823574.05,5882995.41],[823575.36,5883019.09],[823574.95,5883099.14],[823573.65,5883212.67],[823573.47,5883218.48],[823573.14,5883249.08],[823576.19,5883285.93],[823586.05,5883293.18],[823586.43,5883304.8],[823586.51,5883307.16],[823586.93,5883318.86],[823582.56,5883328.37],[823582.73,5883356.51],[823582.77,5883361.63],[823581.34,5883373.82],[823580.55,5883380.33],[823581.22,5883388.99],[823583.37,5883426.59],[823586.06,5883468.13],[823586.94,5883500.89],[823587.14,5883507.13],[823589.42,5883528.38],[823597.82,5883602.21],[823602.4,5883652.1],[823611.21,5883689.78],[823614.25,5883726.8],[823615.4,5883758.72],[823616.01,5883774.24],[823616.27,5883790.97],[823616.27,5883816.77],[823626.38,5883909.17],[823635.58,5884015.88],[823635.77,5884015.9],[823640.53,5884016.15],[823644.77,5884077.72],[823650.75,5884078.73],[823651.46,5884086.29],[823646.13,5884087.79],[823650.88,5884144.74],[823653.71,5884172.14],[823655.68,5884191.08],[823657.66,5884216.01],[823664.44,5884224.65],[823659.95,5884228.61],[823660.3,5884232.24],[823667.17,5884297.8],[823667.68,5884354.24],[823667.69,5884375.91],[823671.83,5884397.69],[823678.46,5884434.79],[823679.68,5884479.91],[823680.61,5884501.85],[823682.45,5884508.96],[823689.48,5884534.45],[823693.44,5884562.37],[823694.43,5884580.81],[823694.78,5884587.19],[823698.55,5884609.73],[823699.13,5884613.17],[823698.78,5884677.26],[823698.72,5884682.83],[823700.07,5884700.98],[823706.08,5884782.32],[823709.59,5884783.93],[823714.52,5884786.15],[823717.7,5884818.3],[823713.59,5884823.71],[823709.79,5884828.74],[823713.59,5884864.96],[823718.76,5884914.52],[823722.38,5884924.86],[823723.25,5884925.57],[823729.01,5884930.33],[823747.89,5884931.32],[823749.85,5884949.23],[823741.4,5884953.45],[823730.98,5884967.01],[823730.22,5885008.24],[823729.74,5885030.86],[823729.73,5885033.75],[823733.87,5885051.22],[823735.68,5885058.76],[823740.28,5885086.68],[823744.15,5885145.67],[823744.44,5885151.12],[823748.61,5885188.9],[823753.23,5885229.8],[823756.31,5885314.88],[823757.37,5885338.31],[823759.35,5885350.09],[823769.83,5885412.73],[823771.0,5885419.79],[823781.03,5885455.22],[823780.88,5885460.38],[823790.5,5885463.37],[823807.98,5885460.51],[823827.07,5885466.74],[823837.09,5885470.76],[823836.27,5885468.27],[823845.25,5885461.01],[823869.61,5885460.26],[823886.51,5885450.2],[823902.88,5885446.23],[823921.86,5885433.78],[823929.31,5885436.32],[823931.46,5885438.52],[823935.45,5885442.02],[823937.79,5885442.62],[823939.7,5885440.78],[823944.1,5885433.02],[823956.36,5885429.42],[823964.96,5885418.26],[823974.94,5885416.22],[823988.87,5885411.62],[824006.69,5885404.21],[824025.97,5885407.94],[824042.78,5885401.5],[824061.49,5885386.76],[824074.15,5885368.79],[824078.14,5885339.22],[824079.3,5885318.18],[824097.52,5885309.44],[824131.26,5885302.3],[824130.27,5885260.04],[824135.43,5885232.04],[824172.33,5885215.81],[824209.0,5885214.23],[824238.6,5885215.78],[824254.46,5885218.66],[824278.62,5885218.52],[824316.53,5885213.32],[824334.26,5885211.77],[824336.49,5885211.58],[824371.78,5885182.45],[824380.19,5885167.28],[824384.09,5885155.55],[824388.27,5885116.51],[824388.49,5885104.87],[824339.08,5885066.91],[824365.65,5885021.94],[824378.68,5884996.7],[824414.89,5884973.65],[824420.42,5884980.49],[824449.09,5884979.07],[824457.45,5884982.17],[824470.24,5884995.04],[824477.68,5885009.06],[824481.81,5885024.4],[824496.5,5885037.6],[824501.23,5885047.73],[824496.55,5885076.84],[824497.19,5885092.05],[824501.56,5885097.04],[824512.61,5885096.53],[824548.8,5885088.78],[824650.77,5885088.51],[824692.28,5885086.09],[824721.65,5885091.58],[824752.21,5885092.39],[824790.34,5885090.33],[824810.36,5885085.63],[824833.38,5885132.54],[824838.65,5885138.08],[824864.82,5885149.37],[824890.44,5885138.2],[824949.82,5885113.77],[824965.92,5885109.38],[825031.55,5885080.01],[825035.11,5885098.38],[825046.28,5885104.64],[825065.38,5885112.83],[825096.32,5885120.49],[825117.25,5885134.98],[825136.27,5885144.94],[825154.71,5885150.74],[825174.29,5885163.23],[825202.19,5885177.91],[825226.64,5885180.6],[825253.51,5885168.93],[825269.36,5885165.63],[825302.25,5885158.53],[825369.53,5885139.46],[825385.88,5885142.53],[825421.92,5885149.51],[825435.56,5885152.4],[825451.74,5885164.18],[825489.51,5885176.84],[825548.74,5885218.57],[825551.12,5885220.29],[825537.75,5885243.69],[825529.83,5885256.82],[825448.41,5885237.47],[825424.28,5885304.22],[825373.73,5885488.77],[825401.25,5885645.81],[825431.25,5885801.85],[825434.74,5885814.2],[825438.51,5885829.12],[825476.83,5885842.74],[825500.81,5885853.91],[825524.08,5885860.68],[825540.86,5885872.64],[825551.92,5885892.86],[825551.29,5885913.61],[825546.22,5885926.14],[825527.44,5885953.5],[825504.4,5885967.14],[825474.09,5885976.25],[825446.58,5885977.26],[825419.63,5885975.1],[825407.82,5885975.72],[825382.51,5885974.5],[825359.45,5885978.59],[825333.29,5885989.86],[825304.27,5886008.82],[825300.09,5886025.05],[825302.58,5886048.07],[825309.06,5886071.42],[825312.75,5886079.73],[825315.07,5886086.09],[825350.29,5886183.59],[825367.6,5886214.39],[825403.87,5886261.14],[825409.97,5886267.47],[825417.8,5886275.87],[825427.33,5886303.6],[825429.09,5886319.72],[825434.09,5886369.17],[825441.56,5886438.89],[825442.98,5886453.51],[825443.49,5886503.79],[825420.75,5886644.16],[825413.82,5886732.79],[825402.42,5886770.42],[825381.25,5886797.58],[825366.94,5886822.1],[825360.32,5886841.04],[825350.11,5886883.79],[825368.64,5886891.57],[825400.7,5886910.64],[825471.58,5886959.63],[825481.81,5886966.58],[825542.62,5887002.23],[825587.01,5887039.45],[825597.15,5887050.24],[825564.66,5887131.01],[825543.82,5887165.48],[825540.07,5887178.46],[825504.46,5887222.66],[825503.02,5887243.8],[825670.87,5887259.22],[825657.7,5887390.88],[825630.75,5887570.87],[825672.16,5887584.32],[825708.66,5887608.65],[825728.07,5887626.89],[825738.15,5887645.35],[825745.67,5887666.58],[825766.11,5887708.17],[825786.99,5887732.52],[825820.27,5887746.44],[825868.79,5887760.86],[825920.62,5887767.67],[826029.35,5887774.8],[826087.53,5887782.34],[826107.32,5887791.98],[826205.61,5887823.18],[826278.53,5887842.58],[826328.97,5887847.47],[826354.39,5887853.23],[826390.75,5887863.62],[826458.67,5887869.98],[826496.65,5887864.86],[826553.74,5887853.7],[826604.01,5887917.22],[826629.86,5887954.93],[826643.79,5888020.1],[826650.18,5888090.42],[826680.12,5888153.42],[826719.65,5888216.88],[826759.28,5888302.95],[826847.57,5888379.48],[826888.95,5888428.81],[826976.37,5888575.06],[827022.51,5888623.13],[827057.85,5888665.3],[827063.75,5888695.28],[827241.17,5888696.04],[827241.61,5888697.98],[827254.54,5888765.38],[827268.66,5888798.22],[827280.84,5888828.97],[827283.22,5888854.48],[827287.21,5888871.96],[827306.53,5888925.16],[827308.49,5888935.16],[827306.79,5888942.73],[827305.51,5888947.36],[827295.28,5888980.04],[827294.26,5888987.4],[827297.13,5889000.8],[827313.27,5889055.46],[827313.83,5889067.86],[827304.92,5889118.56],[827303.56,5889155.4],[827306.5,5889175.71],[827310.65,5889191.22],[827320.32,5889212.23],[827338.7,5889252.99],[827345.5,5889273.23],[827349.95,5889308.96],[827349.6,5889329.74],[827212.91,5889365.91],[827068.16,5889402.28],[826995.63,5889419.18],[826930.06,5889433.88],[826875.42,5889443.32],[826862.83,5889445.53],[826813.81,5889445.71],[826780.86,5889445.49],[826743.28,5889445.74],[826660.88,5889446.43],[826592.36,5889469.84],[826413.69,5889531.48],[826392.41,5889532.85],[826194.89,5889550.6],[826092.65,5889558.37],[825998.42,5889566.53],[825919.12,5889586.46],[825737.96,5889689.29],[825679.64,5889715.76],[825637.42,5889724.71],[825519.92,5889731.06],[825437.1,5889753.52],[825237.9,5889806.54],[825233.73,5889806.45],[825229.41,5889806.36],[825223.54,5889806.67],[825098.98,5889783.8],[825044.73,5889782.07],[825042.02,5889782.31],[825013.0,5889781.28],[824971.24,5889787.88],[824931.15,5889796.74],[824917.94,5889798.79],[824865.08,5889807.94],[824855.64,5889809.54],[824762.31,5889794.0],[824679.02,5889785.41],[824589.69,5889776.05],[824534.52,5889774.61],[824526.1,5889762.83],[824484.46,5889723.91],[824376.33,5889634.42],[824372.68,5889631.94],[824336.81,5889599.57],[824313.89,5889584.35],[824274.9,5889560.04],[824252.97,5889550.88],[824212.27,5889533.88],[824207.87,5889532.05],[824204.05,5889530.41],[824199.23,5889529.21],[824185.23,5889525.75],[824180.5,5889524.63],[824173.67,5889522.91],[824167.78,5889521.37],[824162.94,5889520.17],[824142.94,5889515.2],[824101.78,5889508.98],[824051.97,5889509.58],[824005.69,5889516.65],[823980.69,5889519.56],[823720.14,5889549.76],[823709.22,5889550.6],[823685.64,5889552.29],[823587.85,5889559.1],[823369.48,5889574.4],[823275.86,5889580.65],[823260.86,5889581.95],[823204.08,5889589.32],[823055.79,5889573.77],[823046.41,5889575.32],[823013.12,5889580.5],[822942.48,5889591.49],[822923.3,5889594.46],[822897.01,5889598.36],[822846.53,5889590.23],[822795.55,5889575.63],[822755.64,5889565.42],[822744.66,5889561.27],[822726.51,5889553.32],[822703.85,5889536.78],[822693.48,5889518.64],[822685.69,5889513.67],[822671.4,5889497.58],[822665.74,5889491.4],[822653.3,5889477.83]]]}}]}
